product,view_date,contract,expire,dpv_forecast_pts,dpv_truth_pts,err_pts,err_pct,announced_coverage
IF,2024-06-28,IF202407,2024-07-19,23.95,23.95,0.0,0.0,1.0
IF,2024-06-28,IF202408,2024-08-16,33.97,33.64,0.34,1.0,0.991
IF,2024-06-28,IF202409,2024-09-20,39.49,38.92,0.57,1.5,0.889
IF,2024-06-28,IF202412,2024-12-20,58.25,49.11,9.14,18.6,0.583
IF,2024-07-31,IF202408,2024-08-16,4.06,3.72,0.34,,0.952
IF,2024-07-31,IF202409,2024-09-20,9.54,8.98,0.57,6.3,0.667
IF,2024-07-31,IF202409,2024-09-20,9.54,8.98,0.57,6.3,0.667
IF,2024-07-31,IF202412,2024-12-20,28.2,19.1,9.09,47.6,0.259
IF,2024-08-30,IF202409,2024-09-20,2.12,2.03,0.09,,0.923
IF,2024-08-30,IF202410,2024-10-18,6.21,5.88,0.32,5.5,0.816
IF,2024-08-30,IF202412,2024-12-20,13.73,11.8,1.93,16.3,0.714
IF,2024-08-30,IF202503,2025-03-21,24.26,17.42,6.84,39.2,0.581
IF,2024-09-30,IF202410,2024-10-18,3.81,3.81,0.0,,1.0
IF,2024-09-30,IF202411,2024-11-15,7.03,6.86,0.17,2.4,0.95
IF,2024-09-30,IF202412,2024-12-20,11.96,10.97,0.99,9.0,0.794
IF,2024-09-30,IF202503,2025-03-21,19.82,17.76,2.05,11.6,0.729
IF,2024-10-31,IF202411,2024-11-15,1.59,1.59,0.0,,1.0
IF,2024-10-31,IF202412,2024-12-20,5.57,5.57,0.0,0.0,1.0
IF,2024-10-31,IF202412,2024-12-20,5.57,5.57,0.0,0.0,1.0
IF,2024-10-31,IF202503,2025-03-21,12.15,12.15,0.0,0.0,1.0
IF,2024-11-29,IF202412,2024-12-20,2.89,2.89,0.0,,1.0
IF,2024-11-29,IF202501,2025-01-17,6.42,6.42,0.0,0.0,1.0
IF,2024-11-29,IF202503,2025-03-21,9.51,9.51,0.0,0.0,1.0
IF,2024-11-29,IF202506,2025-06-20,35.15,37.02,-1.87,-5.1,0.285
IF,2024-12-31,IF202501,2025-01-17,2.98,2.98,0.0,,1.0
IF,2024-12-31,IF202502,2025-02-21,6.09,6.09,0.0,0.0,1.0
IF,2024-12-31,IF202503,2025-03-21,6.09,6.09,0.0,0.0,1.0
IF,2024-12-31,IF202506,2025-06-20,31.84,33.72,-1.88,-5.6,0.186
IF,2025-01-27,IF202502,2025-02-21,0.0,0.0,0.0,,
IF,2025-01-27,IF202503,2025-03-21,0.0,0.0,0.0,,
IF,2025-01-27,IF202503,2025-03-21,0.0,0.0,0.0,,
IF,2025-01-27,IF202506,2025-06-20,24.98,26.81,-1.82,-6.8,0.008
IF,2025-02-28,IF202503,2025-03-21,0.0,0.0,0.0,,
IF,2025-02-28,IF202504,2025-04-18,1.4,1.36,0.04,,0.167
IF,2025-02-28,IF202506,2025-06-20,25.4,27.32,-1.93,-7.0,0.017
IF,2025-02-28,IF202509,2025-09-19,66.05,68.11,-2.06,-3.0,0.01
IF,2025-03-31,IF202504,2025-04-18,1.25,1.25,0.0,,1.0
IF,2025-03-31,IF202505,2025-05-16,7.78,7.81,-0.03,-0.4,0.885
IF,2025-03-31,IF202506,2025-06-20,26.85,27.2,-0.35,-1.3,0.449
IF,2025-03-31,IF202509,2025-09-19,67.97,67.96,0.01,0.0,0.421
IF,2025-04-30,IF202505,2025-05-16,2.43,2.43,0.0,,1.0
IF,2025-04-30,IF202506,2025-06-20,21.24,21.24,0.0,0.0,1.0
IF,2025-04-30,IF202506,2025-06-20,21.24,21.24,0.0,0.0,1.0
IF,2025-04-30,IF202509,2025-09-19,63.58,60.78,2.8,4.6,0.928
IF,2025-05-30,IF202506,2025-06-20,14.24,14.24,0.0,0.0,1.0
IF,2025-05-30,IF202507,2025-07-18,41.89,41.89,0.0,0.0,1.0
IF,2025-05-30,IF202509,2025-09-19,57.36,54.51,2.85,5.2,0.915
IF,2025-05-30,IF202512,2025-12-19,88.64,71.43,17.21,24.1,0.627
IF,2025-06-30,IF202507,2025-07-18,16.08,16.08,0.0,0.0,1.0
IF,2025-06-30,IF202508,2025-08-15,23.07,23.07,0.0,0.0,1.0
IF,2025-06-30,IF202509,2025-09-19,31.93,29.0,2.92,10.1,0.852
IF,2025-06-30,IF202512,2025-12-19,63.99,46.35,17.64,38.1,0.473
IF,2025-07-31,IF202508,2025-08-15,2.23,2.23,0.0,,1.0
IF,2025-07-31,IF202509,2025-09-19,8.78,8.38,0.4,4.7,0.654
IF,2025-07-31,IF202509,2025-09-19,8.78,8.38,0.4,4.7,0.654
IF,2025-07-31,IF202512,2025-12-19,41.26,26.34,14.92,56.6,0.225
IF,2025-08-29,IF202509,2025-09-19,3.01,3.14,-0.13,,0.882
IF,2025-08-29,IF202510,2025-10-17,8.79,8.83,-0.04,-0.5,0.885
IF,2025-08-29,IF202512,2025-12-19,29.65,22.96,6.69,29.1,0.696
IF,2025-08-29,IF202603,2026-03-20,43.31,32.4,10.92,33.7,0.604
IF,2025-09-30,IF202510,2025-10-17,3.38,3.38,0.0,,1.0
IF,2025-09-30,IF202511,2025-11-21,11.33,11.34,-0.01,-0.1,0.951
IF,2025-09-30,IF202512,2025-12-19,19.5,17.96,1.54,8.6,0.845
IF,2025-09-30,IF202603,2026-03-20,31.92,27.7,4.22,15.2,0.748
IF,2025-10-31,IF202511,2025-11-21,2.9,2.9,0.0,,1.0
IF,2025-10-31,IF202512,2025-12-19,9.52,9.52,0.0,0.0,1.0
IF,2025-10-31,IF202512,2025-12-19,9.52,9.52,0.0,0.0,1.0
IF,2025-10-31,IF202603,2026-03-20,19.27,19.26,0.0,0.0,0.987
IF,2025-11-28,IF202512,2025-12-19,6.09,6.09,0.0,0.0,1.0
IF,2025-11-28,IF202601,2026-01-16,10.95,10.95,0.0,0.0,1.0
IF,2025-11-28,IF202603,2026-03-20,15.6,15.6,0.0,0.0,0.982
IF,2025-11-28,IF202606,2026-06-19,35.57,41.19,-5.62,-13.6,0.312
IF,2025-12-31,IF202601,2026-01-16,4.05,4.05,0.0,,1.0
IF,2025-12-31,IF202602,2026-02-20,8.8,8.8,0.0,0.0,1.0
IF,2025-12-31,IF202603,2026-03-20,8.81,8.8,0.0,0.0,0.971
IF,2025-12-31,IF202606,2026-06-19,29.23,34.98,-5.75,-16.4,0.222
IH,2024-06-28,IH202407,2024-07-19,27.34,27.34,0.0,0.0,1.0
IH,2024-06-28,IH202408,2024-08-16,35.55,34.91,0.65,1.8,0.957
IH,2024-06-28,IH202409,2024-09-20,39.78,39.03,0.75,1.9,0.821
IH,2024-06-28,IH202412,2024-12-20,55.0,47.41,7.59,16.0,0.59
IH,2024-07-31,IH202408,2024-08-16,2.73,2.09,0.64,,0.75
IH,2024-07-31,IH202409,2024-09-20,6.92,6.18,0.74,12.0,0.444
IH,2024-07-31,IH202409,2024-09-20,6.92,6.18,0.74,12.0,0.444
IH,2024-07-31,IH202412,2024-12-20,22.02,14.49,7.53,51.9,0.2
IH,2024-08-30,IH202409,2024-09-20,2.31,2.31,0.0,,1.0
IH,2024-08-30,IH202410,2024-10-18,5.52,5.52,0.0,0.0,1.0
IH,2024-08-30,IH202412,2024-12-20,12.22,10.48,1.73,16.5,0.733
IH,2024-08-30,IH202503,2025-03-21,23.26,16.06,7.21,44.9,0.583
IH,2024-09-30,IH202410,2024-10-18,3.78,3.78,0.0,,1.0
IH,2024-09-30,IH202411,2024-11-15,5.13,5.13,0.0,0.0,1.0
IH,2024-09-30,IH202412,2024-12-20,10.87,9.64,1.22,12.7,0.727
IH,2024-09-30,IH202503,2025-03-21,17.68,16.22,1.46,9.0,0.75
IH,2024-10-31,IH202411,2024-11-15,0.08,0.08,0.0,,1.0
IH,2024-10-31,IH202412,2024-12-20,4.39,4.39,0.0,,1.0
IH,2024-10-31,IH202412,2024-12-20,4.39,4.39,0.0,,1.0
IH,2024-10-31,IH202503,2025-03-21,10.68,10.68,0.0,0.0,1.0
IH,2024-11-29,IH202412,2024-12-20,4.3,4.3,0.0,,1.0
IH,2024-11-29,IH202501,2025-01-17,7.7,7.7,0.0,0.0,1.0
IH,2024-11-29,IH202503,2025-03-21,10.56,10.56,0.0,0.0,1.0
IH,2024-11-29,IH202506,2025-06-20,27.78,26.45,1.33,5.0,0.394
IH,2024-12-31,IH202501,2025-01-17,3.24,3.24,0.0,,1.0
IH,2024-12-31,IH202502,2025-02-21,6.17,6.17,0.0,0.0,1.0
IH,2024-12-31,IH202503,2025-03-21,6.17,6.17,0.0,0.0,1.0
IH,2024-12-31,IH202506,2025-06-20,23.78,22.42,1.36,6.1,0.286
IH,2025-01-27,IH202502,2025-02-21,0.0,0.0,0.0,,
IH,2025-01-27,IH202503,2025-03-21,0.0,0.0,0.0,,
IH,2025-01-27,IH202503,2025-03-21,0.0,0.0,0.0,,
IH,2025-01-27,IH202506,2025-06-20,16.95,15.64,1.31,8.4,0.0
IH,2025-02-28,IH202503,2025-03-21,0.0,0.0,0.0,,
IH,2025-02-28,IH202504,2025-04-18,1.32,1.37,-0.05,,0.0
IH,2025-02-28,IH202506,2025-06-20,17.31,15.97,1.34,8.4,0.0
IH,2025-02-28,IH202509,2025-09-19,47.61,51.3,-3.7,-7.2,0.0
IH,2025-03-31,IH202504,2025-04-18,1.38,1.38,0.0,,1.0
IH,2025-03-31,IH202505,2025-05-16,2.36,2.43,-0.07,,0.8
IH,2025-03-31,IH202506,2025-06-20,15.79,16.13,-0.34,-2.1,0.65
IH,2025-03-31,IH202509,2025-09-19,48.37,51.82,-3.45,-6.7,0.592
IH,2025-04-30,IH202505,2025-05-16,0.19,0.19,0.0,,1.0
IH,2025-04-30,IH202506,2025-06-20,13.73,13.73,0.0,0.0,1.0
IH,2025-04-30,IH202506,2025-06-20,13.73,13.73,0.0,0.0,1.0
IH,2025-04-30,IH202509,2025-09-19,48.92,48.98,-0.07,-0.1,0.935
IH,2025-05-30,IH202506,2025-06-20,10.06,10.06,0.0,0.0,1.0
IH,2025-05-30,IH202507,2025-07-18,41.43,41.43,0.0,0.0,1.0
IH,2025-05-30,IH202509,2025-09-19,45.86,45.93,-0.07,-0.1,0.919
IH,2025-05-30,IH202512,2025-12-19,72.78,62.06,10.71,17.3,0.576
IH,2025-06-30,IH202507,2025-07-18,16.69,16.69,0.0,0.0,1.0
IH,2025-06-30,IH202508,2025-08-15,18.49,18.49,0.0,0.0,1.0
IH,2025-06-30,IH202509,2025-09-19,21.18,21.25,-0.07,-0.3,0.857
IH,2025-06-30,IH202512,2025-12-19,48.43,37.58,10.85,28.9,0.419
IH,2025-07-31,IH202508,2025-08-15,1.01,1.01,0.0,,1.0
IH,2025-07-31,IH202509,2025-09-19,3.76,3.83,-0.07,,0.571
IH,2025-07-31,IH202509,2025-09-19,3.76,3.83,-0.07,,0.571
IH,2025-07-31,IH202512,2025-12-19,30.5,20.55,9.95,48.4,0.172
IH,2025-08-29,IH202509,2025-09-19,2.27,2.27,0.0,,1.0
IH,2025-08-29,IH202510,2025-10-17,5.41,5.41,0.0,0.0,1.0
IH,2025-08-29,IH202512,2025-12-19,25.31,20.19,5.12,25.3,0.52
IH,2025-08-29,IH202603,2026-03-20,40.56,30.61,9.95,32.5,0.441
IH,2025-09-30,IH202510,2025-10-17,0.97,0.97,0.0,,1.0
IH,2025-09-30,IH202511,2025-11-21,7.11,7.11,0.0,0.0,1.0
IH,2025-09-30,IH202512,2025-12-19,18.0,15.81,2.18,13.8,0.778
IH,2025-09-30,IH202603,2026-03-20,30.56,26.28,4.28,16.3,0.704
IH,2025-10-31,IH202511,2025-11-21,0.9,0.9,0.0,,1.0
IH,2025-10-31,IH202512,2025-12-19,9.66,9.66,0.0,0.0,1.0
IH,2025-10-31,IH202512,2025-12-19,9.66,9.66,0.0,0.0,1.0
IH,2025-10-31,IH202603,2026-03-20,20.21,20.21,0.0,0.0,1.0
IH,2025-11-28,IH202512,2025-12-19,8.56,8.56,0.0,0.0,1.0
IH,2025-11-28,IH202601,2026-01-16,14.14,14.14,0.0,0.0,1.0
IH,2025-11-28,IH202603,2026-03-20,18.96,18.96,0.0,0.0,1.0
IH,2025-11-28,IH202606,2026-06-19,34.05,39.26,-5.21,-13.3,0.432
IH,2025-12-31,IH202601,2026-01-16,4.39,4.39,0.0,,1.0
IH,2025-12-31,IH202602,2026-02-20,9.31,9.31,0.0,0.0,1.0
IH,2025-12-31,IH202603,2026-03-20,9.31,9.31,0.0,0.0,1.0
IH,2025-12-31,IH202606,2026-06-19,24.71,30.03,-5.32,-17.7,0.276
IC,2024-06-28,IC202407,2024-07-19,13.52,13.52,0.0,0.0,1.0
IC,2024-06-28,IC202408,2024-08-16,18.89,18.89,0.0,0.0,1.0
IC,2024-06-28,IC202409,2024-09-20,21.23,20.87,0.36,1.7,0.929
IC,2024-06-28,IC202412,2024-12-20,35.24,28.7,6.54,22.8,0.553
IC,2024-07-31,IC202408,2024-08-16,1.94,1.94,0.0,,1.0
IC,2024-07-31,IC202409,2024-09-20,4.25,3.9,0.36,,0.722
IC,2024-07-31,IC202409,2024-09-20,4.25,3.9,0.36,,0.722
IC,2024-07-31,IC202412,2024-12-20,17.92,11.64,6.28,54.0,0.211
IC,2024-08-30,IC202409,2024-09-20,1.41,1.41,0.0,,1.0
IC,2024-08-30,IC202410,2024-10-18,5.3,5.21,0.09,1.7,0.964
IC,2024-08-30,IC202412,2024-12-20,10.72,8.76,1.95,22.3,0.741
IC,2024-08-30,IC202503,2025-03-21,13.67,10.44,3.23,30.9,0.624
IC,2024-09-30,IC202410,2024-10-18,2.26,2.26,0.0,,1.0
IC,2024-09-30,IC202411,2024-11-15,4.14,4.14,0.0,,1.0
IC,2024-09-30,IC202412,2024-12-20,7.34,6.65,0.69,10.4,0.776
IC,2024-09-30,IC202503,2025-03-21,10.99,8.72,2.27,26.0,0.624
IC,2024-10-31,IC202411,2024-11-15,0.5,0.5,0.0,,1.0
IC,2024-10-31,IC202412,2024-12-20,3.08,3.08,0.0,,1.0
IC,2024-10-31,IC202412,2024-12-20,3.08,3.08,0.0,,1.0
IC,2024-10-31,IC202503,2025-03-21,5.21,5.21,0.0,0.0,1.0
IC,2024-11-29,IC202412,2024-12-20,1.37,1.37,0.0,,1.0
IC,2024-11-29,IC202501,2025-01-17,1.99,1.99,0.0,,1.0
IC,2024-11-29,IC202503,2025-03-21,3.48,3.48,0.0,,1.0
IC,2024-11-29,IC202506,2025-06-20,44.47,45.45,-0.97,-2.1,0.15
IC,2024-12-31,IC202501,2025-01-17,0.28,0.28,0.0,,1.0
IC,2024-12-31,IC202502,2025-02-21,1.6,1.6,0.0,,1.0
IC,2024-12-31,IC202503,2025-03-21,1.74,1.74,0.0,,1.0
IC,2024-12-31,IC202506,2025-06-20,41.85,42.8,-0.95,-2.2,0.074
IC,2025-01-27,IC202502,2025-02-21,0.0,0.0,0.0,,
IC,2025-01-27,IC202503,2025-03-21,0.14,0.14,0.0,,1.0
IC,2025-01-27,IC202503,2025-03-21,0.14,0.14,0.0,,1.0
IC,2025-01-27,IC202506,2025-06-20,39.29,40.22,-0.93,-2.3,0.012
IC,2025-02-28,IC202503,2025-03-21,0.14,0.14,0.0,,1.0
IC,2025-02-28,IC202504,2025-04-18,1.65,1.65,0.0,,1.0
IC,2025-02-28,IC202506,2025-06-20,41.64,42.16,-0.52,-1.2,0.024
IC,2025-02-28,IC202509,2025-09-19,73.98,71.4,2.57,3.6,0.014
IC,2025-03-31,IC202504,2025-04-18,0.96,0.96,0.0,,1.0
IC,2025-03-31,IC202505,2025-05-16,4.81,4.95,-0.14,,0.759
IC,2025-03-31,IC202506,2025-06-20,41.51,41.46,0.05,0.1,0.32
IC,2025-03-31,IC202509,2025-09-19,73.49,70.69,2.8,4.0,0.262
IC,2025-04-30,IC202505,2025-05-16,2.59,2.59,0.0,,1.0
IC,2025-04-30,IC202506,2025-06-20,37.68,37.68,0.0,0.0,1.0
IC,2025-04-30,IC202506,2025-06-20,37.68,37.68,0.0,0.0,1.0
IC,2025-04-30,IC202509,2025-09-19,66.89,65.79,1.1,1.7,0.941
IC,2025-05-30,IC202506,2025-06-20,23.64,23.64,0.0,0.0,1.0
IC,2025-05-30,IC202507,2025-07-18,41.24,41.24,0.0,0.0,1.0
IC,2025-05-30,IC202509,2025-09-19,53.04,51.94,1.11,2.1,0.924
IC,2025-05-30,IC202512,2025-12-19,69.84,61.46,8.39,13.6,0.675
IC,2025-06-30,IC202507,2025-07-18,12.22,12.22,0.0,0.0,1.0
IC,2025-06-30,IC202508,2025-08-15,18.94,18.94,0.0,0.0,1.0
IC,2025-06-30,IC202509,2025-09-19,24.53,23.37,1.15,4.9,0.83
IC,2025-06-30,IC202512,2025-12-19,42.05,33.3,8.75,26.3,0.455
IC,2025-07-31,IC202508,2025-08-15,3.31,3.31,0.0,,1.0
IC,2025-07-31,IC202509,2025-09-19,9.19,7.98,1.21,15.2,0.519
IC,2025-07-31,IC202509,2025-09-19,9.19,7.98,1.21,15.2,0.519
IC,2025-07-31,IC202512,2025-12-19,27.64,18.43,9.21,50.0,0.156
IC,2025-08-29,IC202509,2025-09-19,3.22,3.21,0.02,,0.917
IC,2025-08-29,IC202510,2025-10-17,8.87,8.06,0.81,10.1,0.882
IC,2025-08-29,IC202512,2025-12-19,18.46,15.03,3.44,22.9,0.724
IC,2025-08-29,IC202603,2026-03-20,23.01,17.75,5.27,29.7,0.641
IC,2025-09-30,IC202510,2025-10-17,1.84,1.84,0.0,,1.0
IC,2025-09-30,IC202511,2025-11-21,6.7,6.61,0.09,1.4,0.956
IC,2025-09-30,IC202512,2025-12-19,11.28,9.18,2.1,22.9,0.779
IC,2025-09-30,IC202603,2026-03-20,15.67,12.04,3.63,30.1,0.658
IC,2025-10-31,IC202511,2025-11-21,1.9,1.9,0.0,,1.0
IC,2025-10-31,IC202512,2025-12-19,4.44,4.44,0.0,,1.0
IC,2025-10-31,IC202512,2025-12-19,4.44,4.44,0.0,,1.0
IC,2025-10-31,IC202603,2026-03-20,7.27,7.27,0.0,0.0,1.0
IC,2025-11-28,IC202512,2025-12-19,1.87,1.87,0.0,,1.0
IC,2025-11-28,IC202601,2026-01-16,2.98,2.98,0.0,,1.0
IC,2025-11-28,IC202603,2026-03-20,4.59,4.59,0.0,,1.0
IC,2025-11-28,IC202606,2026-06-19,42.0,39.18,2.81,7.2,0.164
IC,2025-12-31,IC202601,2026-01-16,0.59,0.59,0.0,,1.0
IC,2025-12-31,IC202602,2026-02-20,2.24,2.24,0.0,,1.0
IC,2025-12-31,IC202603,2026-03-20,2.3,2.3,0.0,,1.0
IC,2025-12-31,IC202606,2026-06-19,42.02,39.03,2.99,7.7,0.07
IM,2024-06-28,IM202407,2024-07-19,11.15,11.15,0.0,0.0,1.0
IM,2024-06-28,IM202408,2024-08-16,14.89,14.89,0.0,0.0,0.995
IM,2024-06-28,IM202409,2024-09-20,17.64,17.4,0.24,1.4,0.88
IM,2024-06-28,IM202412,2024-12-20,28.7,24.04,4.66,19.4,0.552
IM,2024-07-31,IM202408,2024-08-16,1.46,1.46,0.0,,1.0
IM,2024-07-31,IM202409,2024-09-20,4.2,3.97,0.22,,0.571
IM,2024-07-31,IM202409,2024-09-20,4.2,3.97,0.22,,0.571
IM,2024-07-31,IM202412,2024-12-20,15.18,10.6,4.57,43.1,0.175
IM,2024-08-30,IM202409,2024-09-20,1.57,1.57,0.0,,1.0
IM,2024-08-30,IM202410,2024-10-18,4.84,4.79,0.05,,0.978
IM,2024-08-30,IM202412,2024-12-20,9.13,7.85,1.28,16.3,0.76
IM,2024-08-30,IM202503,2025-03-21,12.49,9.45,3.03,32.1,0.615
IM,2024-09-30,IM202410,2024-10-18,2.33,2.33,0.0,,1.0
IM,2024-09-30,IM202411,2024-11-15,4.95,4.78,0.17,,0.939
IM,2024-09-30,IM202412,2024-12-20,7.33,6.11,1.22,19.9,0.713
IM,2024-09-30,IM202503,2025-03-21,11.46,8.08,3.38,41.8,0.531
IM,2024-10-31,IM202411,2024-11-15,1.37,1.37,0.0,,1.0
IM,2024-10-31,IM202412,2024-12-20,2.79,2.79,0.0,,1.0
IM,2024-10-31,IM202412,2024-12-20,2.79,2.79,0.0,,1.0
IM,2024-10-31,IM202503,2025-03-21,4.91,4.91,0.0,,1.0
IM,2024-11-29,IM202412,2024-12-20,1.04,1.04,0.0,,1.0
IM,2024-11-29,IM202501,2025-01-17,2.02,2.02,0.0,,1.0
IM,2024-11-29,IM202503,2025-03-21,3.19,3.19,0.0,,1.0
IM,2024-11-29,IM202506,2025-06-20,43.82,41.38,2.44,5.9,0.124
IM,2024-12-31,IM202501,2025-01-17,0.73,0.73,0.0,,1.0
IM,2024-12-31,IM202502,2025-02-21,1.72,1.72,0.0,,1.0
IM,2024-12-31,IM202503,2025-03-21,1.86,1.86,0.0,,1.0
IM,2024-12-31,IM202506,2025-06-20,40.97,38.63,2.35,6.1,0.076
IM,2025-01-27,IM202502,2025-02-21,0.06,0.06,0.0,,1.0
IM,2025-01-27,IM202503,2025-03-21,0.19,0.19,0.0,,1.0
IM,2025-01-27,IM202503,2025-03-21,0.19,0.19,0.0,,1.0
IM,2025-01-27,IM202506,2025-06-20,38.57,36.27,2.3,6.3,0.018
IM,2025-02-28,IM202503,2025-03-21,0.14,0.14,0.0,,1.0
IM,2025-02-28,IM202504,2025-04-18,0.58,0.44,0.14,,0.8
IM,2025-02-28,IM202506,2025-06-20,41.23,38.84,2.39,6.2,0.024
IM,2025-02-28,IM202509,2025-09-19,70.66,62.57,8.08,12.9,0.014
IM,2025-03-31,IM202504,2025-04-18,0.29,0.29,0.0,,1.0
IM,2025-03-31,IM202505,2025-05-16,5.49,5.56,-0.07,-1.2,0.897
IM,2025-03-31,IM202506,2025-06-20,39.66,38.43,1.23,3.2,0.306
IM,2025-03-31,IM202509,2025-09-19,68.55,61.99,6.56,10.6,0.237
IM,2025-04-30,IM202505,2025-05-16,3.61,3.61,0.0,,1.0
IM,2025-04-30,IM202506,2025-06-20,35.02,35.02,0.0,0.0,1.0
IM,2025-04-30,IM202506,2025-06-20,35.02,35.02,0.0,0.0,1.0
IM,2025-04-30,IM202509,2025-09-19,59.66,57.54,2.13,3.7,0.932
IM,2025-05-30,IM202506,2025-06-20,18.61,18.61,0.0,0.0,1.0
IM,2025-05-30,IM202507,2025-07-18,34.67,34.67,0.0,0.0,1.0
IM,2025-05-30,IM202509,2025-09-19,43.57,41.42,2.15,5.2,0.909
IM,2025-05-30,IM202512,2025-12-19,55.66,47.95,7.71,16.1,0.718
IM,2025-06-30,IM202507,2025-07-18,9.9,9.9,0.0,0.0,1.0
IM,2025-06-30,IM202508,2025-08-15,13.08,13.06,0.01,0.1,0.99
IM,2025-06-30,IM202509,2025-09-19,19.3,17.02,2.27,13.3,0.788
IM,2025-06-30,IM202512,2025-12-19,32.05,23.92,8.13,34.0,0.487
IM,2025-07-31,IM202508,2025-08-15,1.36,1.36,-0.01,,0.957
IM,2025-07-31,IM202509,2025-09-19,7.73,5.51,2.21,40.1,0.409
IM,2025-07-31,IM202509,2025-09-19,7.73,5.51,2.21,40.1,0.409
IM,2025-07-31,IM202512,2025-12-19,20.98,12.74,8.24,64.7,0.149
IM,2025-08-29,IM202509,2025-09-19,3.02,2.96,0.07,,0.959
IM,2025-08-29,IM202510,2025-10-17,6.96,6.81,0.16,2.3,0.934
IM,2025-08-29,IM202512,2025-12-19,12.5,11.03,1.47,13.3,0.776
IM,2025-08-29,IM202603,2026-03-20,15.68,12.89,2.8,21.7,0.661
IM,2025-09-30,IM202510,2025-10-17,1.59,1.59,0.0,,1.0
IM,2025-09-30,IM202511,2025-11-21,4.5,4.13,0.37,,0.906
IM,2025-09-30,IM202512,2025-12-19,7.01,5.89,1.12,19.0,0.708
IM,2025-09-30,IM202603,2026-03-20,10.18,7.78,2.39,30.7,0.548
IM,2025-10-31,IM202511,2025-11-21,1.0,1.0,0.0,,1.0
IM,2025-10-31,IM202512,2025-12-19,2.74,2.74,0.0,,1.0
IM,2025-10-31,IM202512,2025-12-19,2.74,2.74,0.0,,1.0
IM,2025-10-31,IM202603,2026-03-20,4.62,4.62,0.0,,1.0
IM,2025-11-28,IM202512,2025-12-19,1.27,1.27,0.0,,1.0
IM,2025-11-28,IM202601,2026-01-16,2.43,2.43,0.0,,1.0
IM,2025-11-28,IM202603,2026-03-20,3.11,3.11,0.0,,1.0
IM,2025-11-28,IM202606,2026-06-19,42.47,39.74,2.73,6.9,0.112
IM,2025-12-31,IM202601,2026-01-16,0.82,0.82,0.0,,1.0
IM,2025-12-31,IM202602,2026-02-20,1.51,1.51,0.0,,1.0
IM,2025-12-31,IM202603,2026-03-20,1.52,1.52,0.0,,1.0
IM,2025-12-31,IM202606,2026-06-19,42.29,39.46,2.83,7.2,0.06
