product,view_date,contract,expire,dpv_truth_pts,v0_pts,v1_pts,v2_pts,v0_err,v1_err,v2_err,announced_coverage
IF,2024-06-28,IF202407,2024-07-19,23.95,23.95,23.95,23.95,0.0,0.0,0.0,1.0
IF,2024-06-28,IF202408,2024-08-16,33.64,33.97,33.86,33.76,0.34,0.22,0.12,0.991
IF,2024-06-28,IF202409,2024-09-20,38.92,39.49,39.45,39.32,0.57,0.53,0.4,0.889
IF,2024-06-28,IF202412,2024-12-20,49.11,58.25,57.71,58.01,9.14,8.6,8.9,0.583
IF,2024-07-31,IF202408,2024-08-16,3.72,4.06,3.94,3.84,0.34,0.22,0.12,0.952
IF,2024-07-31,IF202409,2024-09-20,8.98,9.54,9.5,9.37,0.57,0.52,0.39,0.667
IF,2024-07-31,IF202409,2024-09-20,8.98,9.54,9.5,9.37,0.57,0.52,0.39,0.667
IF,2024-07-31,IF202412,2024-12-20,19.1,28.2,27.66,27.96,9.09,8.55,8.85,0.259
IF,2024-08-30,IF202409,2024-09-20,2.03,2.12,2.14,2.13,0.09,0.11,0.1,0.923
IF,2024-08-30,IF202410,2024-10-18,5.88,6.21,6.21,6.28,0.32,0.33,0.39,0.816
IF,2024-08-30,IF202412,2024-12-20,11.8,13.73,13.74,13.54,1.93,1.94,1.74,0.714
IF,2024-08-30,IF202503,2025-03-21,17.42,24.26,24.29,24.22,6.84,6.87,6.8,0.581
IF,2024-09-30,IF202410,2024-10-18,3.81,3.81,3.81,3.81,0.0,0.0,0.0,1.0
IF,2024-09-30,IF202411,2024-11-15,6.86,7.03,6.97,6.94,0.17,0.11,0.08,0.95
IF,2024-09-30,IF202412,2024-12-20,10.97,11.96,11.99,11.37,0.99,1.02,0.4,0.794
IF,2024-09-30,IF202503,2025-03-21,17.76,19.82,19.87,19.59,2.05,2.1,1.83,0.729
IF,2024-10-31,IF202411,2024-11-15,1.59,1.59,1.59,1.59,0.0,0.0,0.0,1.0
IF,2024-10-31,IF202412,2024-12-20,5.57,5.57,5.57,5.57,0.0,0.0,0.0,1.0
IF,2024-10-31,IF202412,2024-12-20,5.57,5.57,5.57,5.57,0.0,0.0,0.0,1.0
IF,2024-10-31,IF202503,2025-03-21,12.15,12.15,12.15,12.15,0.0,0.0,0.0,1.0
IF,2024-11-29,IF202412,2024-12-20,2.89,2.89,2.89,2.89,0.0,0.0,0.0,1.0
IF,2024-11-29,IF202501,2025-01-17,6.42,6.42,6.42,6.42,0.0,0.0,0.0,1.0
IF,2024-11-29,IF202503,2025-03-21,9.51,9.51,9.51,9.51,0.0,0.0,0.0,1.0
IF,2024-11-29,IF202506,2025-06-20,37.02,35.15,34.17,36.57,-1.87,-2.85,-0.45,0.285
IF,2024-12-31,IF202501,2025-01-17,2.98,2.98,2.98,2.98,0.0,0.0,0.0,1.0
IF,2024-12-31,IF202502,2025-02-21,6.09,6.09,6.09,6.09,0.0,0.0,0.0,1.0
IF,2024-12-31,IF202503,2025-03-21,6.09,6.09,6.09,6.09,0.0,0.0,0.0,1.0
IF,2024-12-31,IF202506,2025-06-20,33.72,31.84,30.86,33.27,-1.88,-2.86,-0.45,0.186
IF,2025-01-27,IF202502,2025-02-21,0.0,0.0,0.0,0.0,0.0,0.0,0.0,
IF,2025-01-27,IF202503,2025-03-21,0.0,0.0,0.0,0.0,0.0,0.0,0.0,
IF,2025-01-27,IF202503,2025-03-21,0.0,0.0,0.0,0.0,0.0,0.0,0.0,
IF,2025-01-27,IF202506,2025-06-20,26.81,24.98,24.03,26.37,-1.82,-2.78,-0.44,0.008
IF,2025-02-28,IF202503,2025-03-21,0.0,0.0,0.0,0.0,0.0,0.0,0.0,
IF,2025-02-28,IF202504,2025-04-18,1.36,1.4,1.3,1.85,0.04,-0.06,0.49,0.167
IF,2025-02-28,IF202506,2025-06-20,27.32,25.4,24.42,26.84,-1.93,-2.9,-0.49,0.017
IF,2025-02-28,IF202509,2025-09-19,68.11,66.05,65.39,73.31,-2.06,-2.72,5.2,0.01
IF,2025-03-31,IF202504,2025-04-18,1.25,1.25,1.25,1.25,0.0,0.0,0.0,1.0
IF,2025-03-31,IF202505,2025-05-16,7.81,7.78,7.9,8.12,-0.03,0.09,0.31,0.885
IF,2025-03-31,IF202506,2025-06-20,27.2,26.85,26.49,27.21,-0.35,-0.71,0.01,0.449
IF,2025-03-31,IF202509,2025-09-19,67.96,67.97,68.21,72.1,0.01,0.24,4.14,0.421
IF,2025-04-30,IF202505,2025-05-16,2.43,2.43,2.43,2.43,0.0,0.0,0.0,1.0
IF,2025-04-30,IF202506,2025-06-20,21.24,21.24,21.24,21.24,0.0,0.0,0.0,1.0
IF,2025-04-30,IF202506,2025-06-20,21.24,21.24,21.24,21.24,0.0,0.0,0.0,1.0
IF,2025-04-30,IF202509,2025-09-19,60.78,63.58,62.75,62.9,2.8,1.97,2.12,0.928
IF,2025-05-30,IF202506,2025-06-20,14.24,14.24,14.24,14.24,0.0,0.0,0.0,1.0
IF,2025-05-30,IF202507,2025-07-18,41.89,41.89,41.89,41.89,0.0,0.0,0.0,1.0
IF,2025-05-30,IF202509,2025-09-19,54.51,57.36,56.52,56.66,2.85,2.01,2.16,0.915
IF,2025-05-30,IF202512,2025-12-19,71.43,88.64,89.44,84.72,17.21,18.02,13.3,0.627
IF,2025-06-30,IF202507,2025-07-18,16.08,16.08,16.08,16.08,0.0,0.0,0.0,1.0
IF,2025-06-30,IF202508,2025-08-15,23.07,23.07,23.07,23.07,0.0,0.0,0.0,1.0
IF,2025-06-30,IF202509,2025-09-19,29.0,31.93,31.07,31.22,2.92,2.06,2.21,0.852
IF,2025-06-30,IF202512,2025-12-19,46.35,63.99,64.81,59.98,17.64,18.47,13.63,0.473
IF,2025-07-31,IF202508,2025-08-15,2.23,2.23,2.23,2.23,0.0,0.0,0.0,1.0
IF,2025-07-31,IF202509,2025-09-19,8.38,8.78,8.97,9.03,0.4,0.58,0.65,0.654
IF,2025-07-31,IF202509,2025-09-19,8.38,8.78,8.97,9.03,0.4,0.58,0.65,0.654
IF,2025-07-31,IF202512,2025-12-19,26.34,41.26,43.22,38.16,14.92,16.88,11.82,0.225
IF,2025-08-29,IF202509,2025-09-19,3.14,3.01,3.27,3.37,-0.13,0.12,0.22,0.882
IF,2025-08-29,IF202510,2025-10-17,8.83,8.79,9.15,9.16,-0.04,0.33,0.34,0.885
IF,2025-08-29,IF202512,2025-12-19,22.96,29.65,31.36,29.87,6.69,8.4,6.91,0.696
IF,2025-08-29,IF202603,2026-03-20,32.4,43.31,46.04,43.22,10.92,13.64,10.82,0.604
IF,2025-09-30,IF202510,2025-10-17,3.38,3.38,3.38,3.38,0.0,0.0,0.0,1.0
IF,2025-09-30,IF202511,2025-11-21,11.34,11.33,11.3,11.32,-0.01,-0.04,-0.02,0.951
IF,2025-09-30,IF202512,2025-12-19,17.96,19.5,19.46,19.61,1.54,1.5,1.64,0.845
IF,2025-09-30,IF202603,2026-03-20,27.7,31.92,32.07,31.23,4.22,4.37,3.52,0.748
IF,2025-10-31,IF202511,2025-11-21,2.9,2.9,2.9,2.9,0.0,0.0,0.0,1.0
IF,2025-10-31,IF202512,2025-12-19,9.52,9.52,9.52,9.52,0.0,0.0,0.0,1.0
IF,2025-10-31,IF202512,2025-12-19,9.52,9.52,9.52,9.52,0.0,0.0,0.0,1.0
IF,2025-10-31,IF202603,2026-03-20,19.26,19.27,19.27,19.27,0.0,0.0,0.0,0.987
IF,2025-11-28,IF202512,2025-12-19,6.09,6.09,6.09,6.09,0.0,0.0,0.0,1.0
IF,2025-11-28,IF202601,2026-01-16,10.95,10.95,10.95,10.95,0.0,0.0,0.0,1.0
IF,2025-11-28,IF202603,2026-03-20,15.6,15.6,15.6,15.6,0.0,0.0,0.0,0.982
IF,2025-11-28,IF202606,2026-06-19,41.19,35.57,36.57,40.36,-5.62,-4.61,-0.82,0.312
IF,2025-12-31,IF202601,2026-01-16,4.05,4.05,4.05,4.05,0.0,0.0,0.0,1.0
IF,2025-12-31,IF202602,2026-02-20,8.8,8.8,8.8,8.8,0.0,0.0,0.0,1.0
IF,2025-12-31,IF202603,2026-03-20,8.8,8.81,8.81,8.8,0.0,0.0,0.0,0.971
IF,2025-12-31,IF202606,2026-06-19,34.98,29.23,30.26,34.14,-5.75,-4.72,-0.84,0.222
IH,2024-06-28,IH202407,2024-07-19,27.34,27.34,27.34,27.34,0.0,0.0,0.0,1.0
IH,2024-06-28,IH202408,2024-08-16,34.91,35.55,35.33,35.14,0.65,0.42,0.23,0.957
IH,2024-06-28,IH202409,2024-09-20,39.03,39.78,39.54,39.3,0.75,0.51,0.27,0.821
IH,2024-06-28,IH202412,2024-12-20,47.41,55.0,54.78,55.33,7.59,7.37,7.92,0.59
IH,2024-07-31,IH202408,2024-08-16,2.09,2.73,2.51,2.32,0.64,0.42,0.23,0.75
IH,2024-07-31,IH202409,2024-09-20,6.18,6.92,6.69,6.45,0.74,0.51,0.27,0.444
IH,2024-07-31,IH202409,2024-09-20,6.18,6.92,6.69,6.45,0.74,0.51,0.27,0.444
IH,2024-07-31,IH202412,2024-12-20,14.49,22.02,21.8,22.35,7.53,7.31,7.86,0.2
IH,2024-08-30,IH202409,2024-09-20,2.31,2.31,2.31,2.31,0.0,0.0,0.0,1.0
IH,2024-08-30,IH202410,2024-10-18,5.52,5.52,5.52,5.52,0.0,0.0,0.0,1.0
IH,2024-08-30,IH202412,2024-12-20,10.48,12.22,12.23,11.46,1.73,1.75,0.97,0.733
IH,2024-08-30,IH202503,2025-03-21,16.06,23.26,23.25,22.06,7.21,7.19,6.0,0.583
IH,2024-09-30,IH202410,2024-10-18,3.78,3.78,3.78,3.78,0.0,0.0,0.0,1.0
IH,2024-09-30,IH202411,2024-11-15,5.13,5.13,5.13,5.13,0.0,0.0,0.0,1.0
IH,2024-09-30,IH202412,2024-12-20,9.64,10.87,10.84,10.06,1.22,1.2,0.42,0.727
IH,2024-09-30,IH202503,2025-03-21,16.22,17.68,17.62,16.74,1.46,1.41,0.53,0.75
IH,2024-10-31,IH202411,2024-11-15,0.08,0.08,0.08,0.08,0.0,0.0,0.0,1.0
IH,2024-10-31,IH202412,2024-12-20,4.39,4.39,4.39,4.39,0.0,0.0,0.0,1.0
IH,2024-10-31,IH202412,2024-12-20,4.39,4.39,4.39,4.39,0.0,0.0,0.0,1.0
IH,2024-10-31,IH202503,2025-03-21,10.68,10.68,10.68,10.68,0.0,0.0,0.0,1.0
IH,2024-11-29,IH202412,2024-12-20,4.3,4.3,4.3,4.3,0.0,0.0,0.0,1.0
IH,2024-11-29,IH202501,2025-01-17,7.7,7.7,7.7,7.7,0.0,0.0,0.0,1.0
IH,2024-11-29,IH202503,2025-03-21,10.56,10.56,10.56,10.56,0.0,0.0,0.0,1.0
IH,2024-11-29,IH202506,2025-06-20,26.45,27.78,27.5,29.19,1.33,1.05,2.74,0.394
IH,2024-12-31,IH202501,2025-01-17,3.24,3.24,3.24,3.24,0.0,0.0,0.0,1.0
IH,2024-12-31,IH202502,2025-02-21,6.17,6.17,6.17,6.17,0.0,0.0,0.0,1.0
IH,2024-12-31,IH202503,2025-03-21,6.17,6.17,6.17,6.17,0.0,0.0,0.0,1.0
IH,2024-12-31,IH202506,2025-06-20,22.42,23.78,23.49,25.22,1.36,1.07,2.8,0.286
IH,2025-01-27,IH202502,2025-02-21,0.0,0.0,0.0,0.0,0.0,0.0,0.0,
IH,2025-01-27,IH202503,2025-03-21,0.0,0.0,0.0,0.0,0.0,0.0,0.0,
IH,2025-01-27,IH202503,2025-03-21,0.0,0.0,0.0,0.0,0.0,0.0,0.0,
IH,2025-01-27,IH202506,2025-06-20,15.64,16.95,16.67,18.33,1.31,1.03,2.69,0.0
IH,2025-02-28,IH202503,2025-03-21,0.0,0.0,0.0,0.0,0.0,0.0,0.0,
IH,2025-02-28,IH202504,2025-04-18,1.37,1.32,1.32,2.25,-0.05,-0.05,0.88,0.0
IH,2025-02-28,IH202506,2025-06-20,15.97,17.31,17.02,18.72,1.34,1.05,2.75,0.0
IH,2025-02-28,IH202509,2025-09-19,51.3,47.61,49.16,55.04,-3.7,-2.15,3.74,0.0
IH,2025-03-31,IH202504,2025-04-18,1.38,1.38,1.38,1.38,0.0,0.0,0.0,1.0
IH,2025-03-31,IH202505,2025-05-16,2.43,2.36,2.39,2.55,-0.07,-0.04,0.12,0.8
IH,2025-03-31,IH202506,2025-06-20,16.13,15.79,15.89,16.24,-0.34,-0.24,0.11,0.65
IH,2025-03-31,IH202509,2025-09-19,51.82,48.37,50.1,52.1,-3.45,-1.73,0.28,0.592
IH,2025-04-30,IH202505,2025-05-16,0.19,0.19,0.19,0.19,0.0,0.0,0.0,1.0
IH,2025-04-30,IH202506,2025-06-20,13.73,13.73,13.73,13.73,0.0,0.0,0.0,1.0
IH,2025-04-30,IH202506,2025-06-20,13.73,13.73,13.73,13.73,0.0,0.0,0.0,1.0
IH,2025-04-30,IH202509,2025-09-19,48.98,48.92,48.97,49.02,-0.07,-0.01,0.04,0.935
IH,2025-05-30,IH202506,2025-06-20,10.06,10.06,10.06,10.06,0.0,0.0,0.0,1.0
IH,2025-05-30,IH202507,2025-07-18,41.43,41.43,41.43,41.43,0.0,0.0,0.0,1.0
IH,2025-05-30,IH202509,2025-09-19,45.93,45.86,45.92,45.97,-0.07,-0.01,0.04,0.919
IH,2025-05-30,IH202512,2025-12-19,62.06,72.78,75.26,69.22,10.71,13.2,7.16,0.576
IH,2025-06-30,IH202507,2025-07-18,16.69,16.69,16.69,16.69,0.0,0.0,0.0,1.0
IH,2025-06-30,IH202508,2025-08-15,18.49,18.49,18.49,18.49,0.0,0.0,0.0,1.0
IH,2025-06-30,IH202509,2025-09-19,21.25,21.18,21.24,21.29,-0.07,-0.01,0.04,0.857
IH,2025-06-30,IH202512,2025-12-19,37.58,48.43,50.94,44.83,10.85,13.36,7.25,0.419
IH,2025-07-31,IH202508,2025-08-15,1.01,1.01,1.01,1.01,0.0,0.0,0.0,1.0
IH,2025-07-31,IH202509,2025-09-19,3.83,3.76,3.82,3.88,-0.07,-0.01,0.04,0.571
IH,2025-07-31,IH202509,2025-09-19,3.83,3.76,3.82,3.88,-0.07,-0.01,0.04,0.571
IH,2025-07-31,IH202512,2025-12-19,20.55,30.5,33.07,26.82,9.95,12.52,6.26,0.172
IH,2025-08-29,IH202509,2025-09-19,2.27,2.27,2.27,2.27,0.0,0.0,0.0,1.0
IH,2025-08-29,IH202510,2025-10-17,5.41,5.41,5.41,5.41,0.0,0.0,0.0,1.0
IH,2025-08-29,IH202512,2025-12-19,20.19,25.31,27.68,25.9,5.12,7.48,5.7,0.52
IH,2025-08-29,IH202603,2026-03-20,30.61,40.56,44.18,40.79,9.95,13.56,10.18,0.441
IH,2025-09-30,IH202510,2025-10-17,0.97,0.97,0.97,0.97,0.0,0.0,0.0,1.0
IH,2025-09-30,IH202511,2025-11-21,7.11,7.11,7.11,7.11,0.0,0.0,0.0,1.0
IH,2025-09-30,IH202512,2025-12-19,15.81,18.0,17.8,17.95,2.18,1.99,2.13,0.778
IH,2025-09-30,IH202603,2026-03-20,26.28,30.56,30.49,29.71,4.28,4.21,3.43,0.704
IH,2025-10-31,IH202511,2025-11-21,0.9,0.9,0.9,0.9,0.0,0.0,0.0,1.0
IH,2025-10-31,IH202512,2025-12-19,9.66,9.66,9.66,9.66,0.0,0.0,0.0,1.0
IH,2025-10-31,IH202512,2025-12-19,9.66,9.66,9.66,9.66,0.0,0.0,0.0,1.0
IH,2025-10-31,IH202603,2026-03-20,20.21,20.21,20.21,20.21,0.0,0.0,0.0,1.0
IH,2025-11-28,IH202512,2025-12-19,8.56,8.56,8.56,8.56,0.0,0.0,0.0,1.0
IH,2025-11-28,IH202601,2026-01-16,14.14,14.14,14.14,14.14,0.0,0.0,0.0,1.0
IH,2025-11-28,IH202603,2026-03-20,18.96,18.96,18.96,18.96,0.0,0.0,0.0,1.0
IH,2025-11-28,IH202606,2026-06-19,39.26,34.05,35.06,38.42,-5.21,-4.2,-0.84,0.432
IH,2025-12-31,IH202601,2026-01-16,4.39,4.39,4.39,4.39,0.0,0.0,0.0,1.0
IH,2025-12-31,IH202602,2026-02-20,9.31,9.31,9.31,9.31,0.0,0.0,0.0,1.0
IH,2025-12-31,IH202603,2026-03-20,9.31,9.31,9.31,9.31,0.0,0.0,0.0,1.0
IH,2025-12-31,IH202606,2026-06-19,30.03,24.71,25.74,29.17,-5.32,-4.29,-0.86,0.276
IC,2024-06-28,IC202407,2024-07-19,13.52,13.52,13.52,13.52,0.0,0.0,0.0,1.0
IC,2024-06-28,IC202408,2024-08-16,18.89,18.89,18.89,18.89,0.0,0.0,0.0,1.0
IC,2024-06-28,IC202409,2024-09-20,20.87,21.23,21.19,20.93,0.36,0.32,0.06,0.929
IC,2024-06-28,IC202412,2024-12-20,28.7,35.24,34.42,34.98,6.54,5.72,6.28,0.553
IC,2024-07-31,IC202408,2024-08-16,1.94,1.94,1.94,1.94,0.0,0.0,0.0,1.0
IC,2024-07-31,IC202409,2024-09-20,3.9,4.25,4.21,3.95,0.36,0.31,0.06,0.722
IC,2024-07-31,IC202409,2024-09-20,3.9,4.25,4.21,3.95,0.36,0.31,0.06,0.722
IC,2024-07-31,IC202412,2024-12-20,11.64,17.92,17.12,17.56,6.28,5.48,5.92,0.211
IC,2024-08-30,IC202409,2024-09-20,1.41,1.41,1.41,1.41,0.0,0.0,0.0,1.0
IC,2024-08-30,IC202410,2024-10-18,5.21,5.3,5.31,5.19,0.09,0.09,-0.02,0.964
IC,2024-08-30,IC202412,2024-12-20,8.76,10.72,10.58,10.98,1.95,1.82,2.22,0.741
IC,2024-08-30,IC202503,2025-03-21,10.44,13.67,13.53,14.3,3.23,3.09,3.86,0.624
IC,2024-09-30,IC202410,2024-10-18,2.26,2.26,2.26,2.26,0.0,0.0,0.0,1.0
IC,2024-09-30,IC202411,2024-11-15,4.14,4.14,4.14,4.14,0.0,0.0,0.0,1.0
IC,2024-09-30,IC202412,2024-12-20,6.65,7.34,7.29,7.64,0.69,0.65,0.99,0.776
IC,2024-09-30,IC202503,2025-03-21,8.72,10.99,10.94,11.74,2.27,2.22,3.01,0.624
IC,2024-10-31,IC202411,2024-11-15,0.5,0.5,0.5,0.5,0.0,0.0,0.0,1.0
IC,2024-10-31,IC202412,2024-12-20,3.08,3.08,3.08,3.08,0.0,0.0,0.0,1.0
IC,2024-10-31,IC202412,2024-12-20,3.08,3.08,3.08,3.08,0.0,0.0,0.0,1.0
IC,2024-10-31,IC202503,2025-03-21,5.21,5.21,5.21,5.21,0.0,0.0,0.0,1.0
IC,2024-11-29,IC202412,2024-12-20,1.37,1.37,1.37,1.37,0.0,0.0,0.0,1.0
IC,2024-11-29,IC202501,2025-01-17,1.99,1.99,1.99,1.99,0.0,0.0,0.0,1.0
IC,2024-11-29,IC202503,2025-03-21,3.48,3.48,3.48,3.48,0.0,0.0,0.0,1.0
IC,2024-11-29,IC202506,2025-06-20,45.45,44.47,43.06,46.09,-0.97,-2.38,0.65,0.15
IC,2024-12-31,IC202501,2025-01-17,0.28,0.28,0.28,0.28,0.0,0.0,0.0,1.0
IC,2024-12-31,IC202502,2025-02-21,1.6,1.6,1.6,1.6,0.0,0.0,0.0,1.0
IC,2024-12-31,IC202503,2025-03-21,1.74,1.74,1.74,1.74,0.0,0.0,0.0,1.0
IC,2024-12-31,IC202506,2025-06-20,42.8,41.85,40.47,43.44,-0.95,-2.33,0.63,0.074
IC,2025-01-27,IC202502,2025-02-21,0.0,0.0,0.0,0.0,0.0,0.0,0.0,
IC,2025-01-27,IC202503,2025-03-21,0.14,0.14,0.14,0.14,0.0,0.0,0.0,1.0
IC,2025-01-27,IC202503,2025-03-21,0.14,0.14,0.14,0.14,0.0,0.0,0.0,1.0
IC,2025-01-27,IC202506,2025-06-20,40.22,39.29,37.95,40.84,-0.93,-2.27,0.62,0.012
IC,2025-02-28,IC202503,2025-03-21,0.14,0.14,0.14,0.14,0.0,0.0,0.0,1.0
IC,2025-02-28,IC202504,2025-04-18,1.65,1.65,1.65,1.65,0.0,0.0,0.0,1.0
IC,2025-02-28,IC202506,2025-06-20,42.16,41.64,40.37,43.41,-0.52,-1.79,1.25,0.024
IC,2025-02-28,IC202509,2025-09-19,71.4,73.98,71.66,84.14,2.57,0.26,12.73,0.014
IC,2025-03-31,IC202504,2025-04-18,0.96,0.96,0.96,0.96,0.0,0.0,0.0,1.0
IC,2025-03-31,IC202505,2025-05-16,4.95,4.81,4.81,4.73,-0.14,-0.14,-0.22,0.759
IC,2025-03-31,IC202506,2025-06-20,41.46,41.51,40.52,42.28,0.05,-0.94,0.82,0.32
IC,2025-03-31,IC202509,2025-09-19,70.69,73.49,71.69,81.6,2.8,1.0,10.91,0.262
IC,2025-04-30,IC202505,2025-05-16,2.59,2.59,2.59,2.59,0.0,0.0,0.0,1.0
IC,2025-04-30,IC202506,2025-06-20,37.68,37.68,37.68,37.68,0.0,0.0,0.0,1.0
IC,2025-04-30,IC202506,2025-06-20,37.68,37.68,37.68,37.68,0.0,0.0,0.0,1.0
IC,2025-04-30,IC202509,2025-09-19,65.79,66.89,66.84,73.48,1.1,1.05,7.69,0.941
IC,2025-05-30,IC202506,2025-06-20,23.64,23.64,23.64,23.64,0.0,0.0,0.0,1.0
IC,2025-05-30,IC202507,2025-07-18,41.24,41.24,41.24,41.24,0.0,0.0,0.0,1.0
IC,2025-05-30,IC202509,2025-09-19,51.94,53.04,53.0,59.68,1.11,1.06,7.74,0.924
IC,2025-05-30,IC202512,2025-12-19,61.46,69.84,70.06,77.82,8.39,8.61,16.36,0.675
IC,2025-06-30,IC202507,2025-07-18,12.22,12.22,12.22,12.22,0.0,0.0,0.0,1.0
IC,2025-06-30,IC202508,2025-08-15,18.94,18.94,18.94,18.94,0.0,0.0,0.0,1.0
IC,2025-06-30,IC202509,2025-09-19,23.37,24.53,24.48,31.45,1.15,1.11,8.08,0.83
IC,2025-06-30,IC202512,2025-12-19,33.3,42.05,42.28,50.37,8.75,8.98,17.07,0.455
IC,2025-07-31,IC202508,2025-08-15,3.31,3.31,3.31,3.31,0.0,0.0,0.0,1.0
IC,2025-07-31,IC202509,2025-09-19,7.98,9.19,9.14,16.48,1.21,1.16,8.5,0.519
IC,2025-07-31,IC202509,2025-09-19,7.98,9.19,9.14,16.48,1.21,1.16,8.5,0.519
IC,2025-07-31,IC202512,2025-12-19,18.43,27.64,27.88,36.39,9.21,9.45,17.96,0.156
IC,2025-08-29,IC202509,2025-09-19,3.21,3.22,3.21,3.19,0.02,0.0,-0.01,0.917
IC,2025-08-29,IC202510,2025-10-17,8.06,8.87,8.7,8.69,0.81,0.64,0.63,0.882
IC,2025-08-29,IC202512,2025-12-19,15.03,18.46,18.3,18.12,3.44,3.28,3.09,0.724
IC,2025-08-29,IC202603,2026-03-20,17.75,23.01,22.73,22.71,5.27,4.98,4.96,0.641
IC,2025-09-30,IC202510,2025-10-17,1.84,1.84,1.84,1.84,0.0,0.0,0.0,1.0
IC,2025-09-30,IC202511,2025-11-21,6.61,6.7,6.69,6.78,0.09,0.07,0.17,0.956
IC,2025-09-30,IC202512,2025-12-19,9.18,11.28,11.21,10.98,2.1,2.03,1.8,0.779
IC,2025-09-30,IC202603,2026-03-20,12.04,15.67,15.56,15.69,3.63,3.52,3.65,0.658
IC,2025-10-31,IC202511,2025-11-21,1.9,1.9,1.9,1.9,0.0,0.0,0.0,1.0
IC,2025-10-31,IC202512,2025-12-19,4.44,4.44,4.44,4.44,0.0,0.0,0.0,1.0
IC,2025-10-31,IC202512,2025-12-19,4.44,4.44,4.44,4.44,0.0,0.0,0.0,1.0
IC,2025-10-31,IC202603,2026-03-20,7.27,7.27,7.27,7.27,0.0,0.0,0.0,1.0
IC,2025-11-28,IC202512,2025-12-19,1.87,1.87,1.87,1.87,0.0,0.0,0.0,1.0
IC,2025-11-28,IC202601,2026-01-16,2.98,2.98,2.98,2.98,0.0,0.0,0.0,1.0
IC,2025-11-28,IC202603,2026-03-20,4.59,4.59,4.59,4.59,0.0,0.0,0.0,1.0
IC,2025-11-28,IC202606,2026-06-19,39.18,42.0,42.05,44.74,2.81,2.87,5.56,0.164
IC,2025-12-31,IC202601,2026-01-16,0.59,0.59,0.59,0.59,0.0,0.0,0.0,1.0
IC,2025-12-31,IC202602,2026-02-20,2.24,2.24,2.24,2.24,0.0,0.0,0.0,1.0
IC,2025-12-31,IC202603,2026-03-20,2.3,2.3,2.3,2.3,0.0,0.0,0.0,1.0
IC,2025-12-31,IC202606,2026-06-19,39.03,42.02,42.08,44.93,2.99,3.05,5.9,0.07
IM,2024-06-28,IM202407,2024-07-19,11.15,11.15,11.15,11.15,0.0,0.0,0.0,1.0
IM,2024-06-28,IM202408,2024-08-16,14.89,14.89,14.89,14.89,0.0,0.0,0.0,0.995
IM,2024-06-28,IM202409,2024-09-20,17.4,17.64,17.6,17.76,0.24,0.19,0.36,0.88
IM,2024-06-28,IM202412,2024-12-20,24.04,28.7,28.45,30.15,4.66,4.4,6.11,0.552
IM,2024-07-31,IM202408,2024-08-16,1.46,1.46,1.46,1.46,0.0,0.0,0.0,1.0
IM,2024-07-31,IM202409,2024-09-20,3.97,4.2,4.15,4.28,0.22,0.17,0.31,0.571
IM,2024-07-31,IM202409,2024-09-20,3.97,4.2,4.15,4.28,0.22,0.17,0.31,0.571
IM,2024-07-31,IM202412,2024-12-20,10.6,15.18,14.92,16.62,4.57,4.32,6.01,0.175
IM,2024-08-30,IM202409,2024-09-20,1.57,1.57,1.57,1.57,0.0,0.0,0.0,1.0
IM,2024-08-30,IM202410,2024-10-18,4.79,4.84,4.85,4.82,0.05,0.06,0.03,0.978
IM,2024-08-30,IM202412,2024-12-20,7.85,9.13,8.93,10.54,1.28,1.08,2.68,0.76
IM,2024-08-30,IM202503,2025-03-21,9.45,12.49,12.3,14.52,3.03,2.84,5.06,0.615
IM,2024-09-30,IM202410,2024-10-18,2.33,2.33,2.33,2.33,0.0,0.0,0.0,1.0
IM,2024-09-30,IM202411,2024-11-15,4.78,4.95,4.92,4.97,0.17,0.14,0.18,0.939
IM,2024-09-30,IM202412,2024-12-20,6.11,7.33,7.12,8.76,1.22,1.01,2.65,0.713
IM,2024-09-30,IM202503,2025-03-21,8.08,11.46,11.27,13.67,3.38,3.19,5.59,0.531
IM,2024-10-31,IM202411,2024-11-15,1.37,1.37,1.37,1.37,0.0,0.0,0.0,1.0
IM,2024-10-31,IM202412,2024-12-20,2.79,2.79,2.79,2.79,0.0,0.0,0.0,1.0
IM,2024-10-31,IM202412,2024-12-20,2.79,2.79,2.79,2.79,0.0,0.0,0.0,1.0
IM,2024-10-31,IM202503,2025-03-21,4.91,4.91,4.91,4.91,0.0,0.0,0.0,1.0
IM,2024-11-29,IM202412,2024-12-20,1.04,1.04,1.04,1.04,0.0,0.0,0.0,1.0
IM,2024-11-29,IM202501,2025-01-17,2.02,2.02,2.02,2.02,0.0,0.0,0.0,1.0
IM,2024-11-29,IM202503,2025-03-21,3.19,3.19,3.19,3.19,0.0,0.0,0.0,1.0
IM,2024-11-29,IM202506,2025-06-20,41.38,43.82,43.11,54.27,2.44,1.72,12.89,0.124
IM,2024-12-31,IM202501,2025-01-17,0.73,0.73,0.73,0.73,0.0,0.0,0.0,1.0
IM,2024-12-31,IM202502,2025-02-21,1.72,1.72,1.72,1.72,0.0,0.0,0.0,1.0
IM,2024-12-31,IM202503,2025-03-21,1.86,1.86,1.86,1.86,0.0,0.0,0.0,1.0
IM,2024-12-31,IM202506,2025-06-20,38.63,40.97,40.29,51.03,2.35,1.66,12.41,0.076
IM,2025-01-27,IM202502,2025-02-21,0.06,0.06,0.06,0.06,0.0,0.0,0.0,1.0
IM,2025-01-27,IM202503,2025-03-21,0.19,0.19,0.19,0.19,0.0,0.0,0.0,1.0
IM,2025-01-27,IM202503,2025-03-21,0.19,0.19,0.19,0.19,0.0,0.0,0.0,1.0
IM,2025-01-27,IM202506,2025-06-20,36.27,38.57,37.9,48.45,2.3,1.63,12.17,0.018
IM,2025-02-28,IM202503,2025-03-21,0.14,0.14,0.14,0.14,0.0,0.0,0.0,1.0
IM,2025-02-28,IM202504,2025-04-18,0.44,0.58,0.56,0.51,0.14,0.12,0.07,0.8
IM,2025-02-28,IM202506,2025-06-20,38.84,41.23,40.51,51.76,2.39,1.67,12.92,0.024
IM,2025-02-28,IM202509,2025-09-19,62.57,70.66,70.06,83.46,8.08,7.49,20.89,0.014
IM,2025-03-31,IM202504,2025-04-18,0.29,0.29,0.29,0.29,0.0,0.0,0.0,1.0
IM,2025-03-31,IM202505,2025-05-16,5.56,5.49,5.49,5.46,-0.07,-0.07,-0.1,0.897
IM,2025-03-31,IM202506,2025-06-20,38.43,39.66,39.01,47.53,1.23,0.58,9.1,0.306
IM,2025-03-31,IM202509,2025-09-19,61.99,68.55,67.94,78.13,6.56,5.94,16.14,0.237
IM,2025-04-30,IM202505,2025-05-16,3.61,3.61,3.61,3.61,0.0,0.0,0.0,1.0
IM,2025-04-30,IM202506,2025-06-20,35.02,35.02,35.02,35.02,0.0,0.0,0.0,1.0
IM,2025-04-30,IM202506,2025-06-20,35.02,35.02,35.02,35.02,0.0,0.0,0.0,1.0
IM,2025-04-30,IM202509,2025-09-19,57.54,59.66,59.84,60.04,2.13,2.31,2.51,0.932
IM,2025-05-30,IM202506,2025-06-20,18.61,18.61,18.61,18.61,0.0,0.0,0.0,1.0
IM,2025-05-30,IM202507,2025-07-18,34.67,34.67,34.67,34.67,0.0,0.0,0.0,1.0
IM,2025-05-30,IM202509,2025-09-19,41.42,43.57,43.75,43.96,2.15,2.34,2.54,0.909
IM,2025-05-30,IM202512,2025-12-19,47.95,55.66,55.91,56.53,7.71,7.95,8.58,0.718
IM,2025-06-30,IM202507,2025-07-18,9.9,9.9,9.9,9.9,0.0,0.0,0.0,1.0
IM,2025-06-30,IM202508,2025-08-15,13.06,13.08,13.08,13.08,0.01,0.02,0.02,0.99
IM,2025-06-30,IM202509,2025-09-19,17.02,19.3,19.49,19.7,2.27,2.46,2.68,0.788
IM,2025-06-30,IM202512,2025-12-19,23.92,32.05,32.31,32.97,8.13,8.39,9.05,0.487
IM,2025-07-31,IM202508,2025-08-15,1.36,1.36,1.36,1.36,-0.01,-0.0,-0.0,0.957
IM,2025-07-31,IM202509,2025-09-19,5.51,7.73,7.93,8.21,2.21,2.42,2.7,0.409
IM,2025-07-31,IM202509,2025-09-19,5.51,7.73,7.93,8.21,2.21,2.42,2.7,0.409
IM,2025-07-31,IM202512,2025-12-19,12.74,20.98,21.3,22.13,8.24,8.56,9.39,0.149
IM,2025-08-29,IM202509,2025-09-19,2.96,3.02,3.0,2.98,0.07,0.05,0.02,0.959
IM,2025-08-29,IM202510,2025-10-17,6.81,6.96,7.02,7.1,0.16,0.21,0.29,0.934
IM,2025-08-29,IM202512,2025-12-19,11.03,12.5,12.48,12.76,1.47,1.45,1.73,0.776
IM,2025-08-29,IM202603,2026-03-20,12.89,15.68,15.95,16.28,2.8,3.07,3.39,0.661
IM,2025-09-30,IM202510,2025-10-17,1.59,1.59,1.59,1.59,0.0,0.0,0.0,1.0
IM,2025-09-30,IM202511,2025-11-21,4.13,4.5,4.44,4.51,0.37,0.31,0.39,0.906
IM,2025-09-30,IM202512,2025-12-19,5.89,7.01,7.05,7.31,1.12,1.16,1.42,0.708
IM,2025-09-30,IM202603,2026-03-20,7.78,10.18,10.52,10.82,2.39,2.74,3.04,0.548
IM,2025-10-31,IM202511,2025-11-21,1.0,1.0,1.0,1.0,0.0,0.0,0.0,1.0
IM,2025-10-31,IM202512,2025-12-19,2.74,2.74,2.74,2.74,0.0,0.0,0.0,1.0
IM,2025-10-31,IM202512,2025-12-19,2.74,2.74,2.74,2.74,0.0,0.0,0.0,1.0
IM,2025-10-31,IM202603,2026-03-20,4.62,4.62,4.62,4.62,0.0,0.0,0.0,1.0
IM,2025-11-28,IM202512,2025-12-19,1.27,1.27,1.27,1.27,0.0,0.0,0.0,1.0
IM,2025-11-28,IM202601,2026-01-16,2.43,2.43,2.43,2.43,0.0,0.0,0.0,1.0
IM,2025-11-28,IM202603,2026-03-20,3.11,3.11,3.11,3.11,0.0,0.0,0.0,1.0
IM,2025-11-28,IM202606,2026-06-19,39.74,42.47,42.99,49.94,2.73,3.25,10.2,0.112
IM,2025-12-31,IM202601,2026-01-16,0.82,0.82,0.82,0.82,0.0,0.0,0.0,1.0
IM,2025-12-31,IM202602,2026-02-20,1.51,1.51,1.51,1.51,0.0,0.0,0.0,1.0
IM,2025-12-31,IM202603,2026-03-20,1.52,1.52,1.52,1.52,0.0,0.0,0.0,1.0
IM,2025-12-31,IM202606,2026-06-19,39.46,42.29,42.83,50.02,2.83,3.37,10.56,0.06
