stock_code,in_products
000001,IF
000002,IF
000008,hist
000009,IC
000010,hist
000011,hist
000012,IM
000014,hist
000016,hist
000018,hist
000019,hist
000021,IC
000024,hist
000025,hist
000026,hist
000027,IC
000028,IM
000029,IM
000030,IM
000031,hist
000032,IC
000034,IC
000035,IM
000036,hist
000038,hist
000039,IC
000040,hist
000042,hist
000046,hist
000048,IM
000049,IM
000050,IC
000055,hist
000056,hist
000058,IM
000059,IM
000060,IC
000061,IM
000062,IC
000063,IF
000065,IM
000066,hist
000069,hist
000070,hist
000078,hist
000088,IC
000089,IM
000090,hist
000096,hist
000099,IM
000100,IF
000150,hist
000151,hist
000153,hist
000155,IC
000156,IM
000157,IF
000158,hist
000159,hist
000166,IF
000301,IF
000333,IF
000338,IF
000400,IC
000401,hist
000402,hist
000403,IM
000404,hist
000407,hist
000408,IF
000409,hist
000410,hist
000413,hist
000415,IC
000416,hist
000417,hist
000418,hist
000419,hist
000420,IM
000422,IM
000423,IC
000425,IF
000426,hist
000428,hist
000429,IC
000488,hist
000498,IM
000501,hist
000503,IM
000506,IM
000507,hist
000510,hist
000511,hist
000513,IC
000514,hist
000516,hist
000517,hist
000518,hist
000519,IC
000520,hist
000521,hist
000523,hist
000525,hist
000528,IC
000529,hist
000530,hist
000531,hist
000532,hist
000533,hist
000534,IM
000536,hist
000537,IC
000538,IF
000539,IC
000540,hist
000541,hist
000543,IM
000544,hist
000545,hist
000546,hist
000547,hist
000548,hist
000550,IM
000551,hist
000552,IM
000553,hist
000554,hist
000555,IM
000557,hist
000558,hist
000559,IC
000560,hist
000561,hist
000562,hist
000563,IM
000564,hist
000566,hist
000567,IM
000568,IF
000570,hist
000571,hist
000572,hist
000573,hist
000576,hist
000581,IM
000582,IC
000584,hist
000587,hist
000589,hist
000590,hist
000591,IC
000592,hist
000596,IF
000597,hist
000598,IC
000600,IM
000601,hist
000603,IM
000606,hist
000607,hist
000612,IM
000615,hist
000616,hist
000617,IF
000620,IM
000623,IC
000625,IF
000626,hist
000627,hist
000628,IM
000629,IC
000630,IF
000631,hist
000635,hist
000636,IM
000637,hist
000639,hist
000650,IM
000651,IF
000652,hist
000656,hist
000657,IF
000661,IC
000662,hist
000663,hist
000665,hist
000666,hist
000667,hist
000669,hist
000670,hist
000671,hist
000672,IM
000673,hist
000676,IM
000677,hist
000680,IM
000681,IM
000682,IM
000683,IC
000685,IM
000686,IM
000687,hist
000688,IM
000690,IM
000693,hist
000697,hist
000700,hist
000701,hist
000703,IC
000705,hist
000707,hist
000708,IF
000709,IC
000710,hist
000711,hist
000712,IM
000713,hist
000715,hist
000716,hist
000717,hist
000718,hist
000719,IM
000720,hist
000722,hist
000723,IC
000725,IF
000726,hist
000727,IM
000728,IC
000729,IC
000731,hist
000732,hist
000733,IC
000735,hist
000736,hist
000737,IC
000738,IC
000739,IC
000748,hist
000750,IC
000751,hist
000752,hist
000756,hist
000757,hist
000758,IM
000759,hist
000760,hist
000761,hist
000762,IM
000766,IM
000767,IM
000768,IF
000776,IF
000777,hist
000778,IM
000780,hist
000782,hist
000783,IC
000785,IC
000786,IC
000788,hist
000789,hist
000790,hist
000791,IM
000792,IF
000793,hist
000795,IM
000796,hist
000797,hist
000799,hist
000800,IC
000801,IM
000802,hist
000806,hist
000807,IF
000809,hist
000810,IM
000811,IM
000812,hist
000813,IM
000815,hist
000816,hist
000818,hist
000819,hist
000820,hist
000821,hist
000822,hist
000823,hist
000825,IC
000826,hist
000828,IM
000829,IM
000830,IC
000831,IC
000833,IM
000836,hist
000837,IM
000838,hist
000839,hist
000848,IM
000850,hist
000851,hist
000852,hist
000858,IF
000860,IM
000861,hist
000863,hist
000868,hist
000869,hist
000875,IM
000876,hist
000877,hist
000878,IC
000880,IM
000881,hist
000882,hist
000883,IC
000885,IM
000886,hist
000887,IC
000888,hist
000889,hist
000892,hist
000893,IC
000895,IF
000897,hist
000898,IC
000899,IM
000900,hist
000901,IM
000902,IM
000903,hist
000905,hist
000906,hist
000909,hist
000910,hist
000913,IM
000915,hist
000916,hist
000917,IM
000918,hist
000919,hist
000920,hist
000921,IC
000922,hist
000923,IM
000925,hist
000926,hist
000927,IM
000928,IM
000930,IM
000931,hist
000932,IC
000933,hist
000935,IM
000936,hist
000937,IC
000938,IF
000939,hist
000948,hist
000949,hist
000950,IM
000951,IC
000952,hist
000957,hist
000958,hist
000959,IC
000960,IC
000961,hist
000962,IM
000963,IF
000965,hist
000966,IM
000967,IC
000968,hist
000969,IM
000970,IM
000971,hist
000973,IM
000975,IF
000976,hist
000977,IF
000979,hist
000980,hist
000981,hist
000982,hist
000983,IC
000987,IC
000988,IF
000989,hist
000990,IM
000996,hist
000997,IC
000998,IM
000999,IF
001203,IC
001213,hist
001221,IC
001227,IM
001233,IM
001236,IM
001258,hist
001267,IM
001269,hist
001270,hist
001280,IF
001286,IC
001287,IM
001289,hist
001301,IM
001308,hist
001309,IC
001311,hist
001322,hist
001323,hist
001337,IM
001338,hist
001339,IM
001356,hist
001359,IM
001369,IM
001376,hist
001382,IM
001386,IC
001389,IC
001391,IF
001696,IC
001872,hist
001896,IM
001914,IM
001965,IF
001979,IF
002001,IF
002002,hist
002003,IM
002004,IM
002005,hist
002006,IM
002007,IC
002008,IC
002009,hist
002010,IM
002011,IM
002012,hist
002013,hist
002014,hist
002015,IM
002016,hist
002017,IM
002018,hist
002019,IM
002020,IM
002021,hist
002022,hist
002023,IM
002024,hist
002025,IC
002027,IF
002028,IF
002029,hist
002030,hist
002031,hist
002032,IC
002033,hist
002034,hist
002035,hist
002036,IM
002037,hist
002038,hist
002041,IM
002042,hist
002043,IM
002044,IC
002045,IM
002046,IM
002047,hist
002048,IM
002049,IF
002050,IF
002051,IM
002052,hist
002053,IM
002055,hist
002056,IC
002059,hist
002060,IM
002061,IM
002062,hist
002063,IM
002064,IC
002065,IC
002067,hist
002068,hist
002069,hist
002070,hist
002071,hist
002073,IM
002074,IF
002075,IM
002077,IM
002078,IC
002079,hist
002080,hist
002081,IM
002083,hist
002085,IC
002086,hist
002088,hist
002089,hist
002090,hist
002091,IM
002092,hist
002093,IM
002094,hist
002095,hist
002096,IM
002097,IM
002099,IM
002100,IM
002101,IM
002102,hist
002103,hist
002104,IM
002106,hist
002107,hist
002108,hist
002110,IM
002111,hist
002113,hist
002114,hist
002115,hist
002116,hist
002117,hist
002118,hist
002120,IC
002121,IM
002122,hist
002123,IM
002124,hist
002125,IM
002126,IC
002127,IM
002128,hist
002129,hist
002130,IC
002131,IC
002135,hist
002137,hist
002138,IC
002139,IM
002140,hist
002141,hist
002142,IF
002143,hist
002144,hist
002145,IM
002146,hist
002147,hist
002148,hist
002149,IM
002151,IM
002152,IC
002153,IC
002154,hist
002155,IC
002156,hist
002157,IC
002158,IM
002161,hist
002162,hist
002163,IM
002165,hist
002166,hist
002167,hist
002168,hist
002170,IM
002171,IM
002172,hist
002174,IM
002175,hist
002176,IM
002177,hist
002178,hist
002179,IF
002180,hist
002181,IM
002182,IM
002183,IM
002184,hist
002185,IC
002187,hist
002188,hist
002190,hist
002191,hist
002192,IM
002194,IM
002195,IC
002196,hist
002197,hist
002198,hist
002199,hist
002201,hist
002202,IF
002203,IC
002204,IM
002206,hist
002207,hist
002210,hist
002211,hist
002212,IM
002213,hist
002214,hist
002215,IM
002216,IM
002217,hist
002218,hist
002219,hist
002221,IM
002222,IM
002223,IC
002224,hist
002225,hist
002226,IM
002227,hist
002228,hist
002229,hist
002230,IF
002231,hist
002232,hist
002233,IM
002234,hist
002235,hist
002236,IF
002237,IM
002238,hist
002239,IM
002240,hist
002241,IF
002242,hist
002243,IM
002244,IC
002245,IM
002246,IM
002247,hist
002249,IM
002250,IM
002251,IM
002252,IC
002253,hist
002254,IM
002255,hist
002256,hist
002258,IM
002259,hist
002260,hist
002261,IC
002262,IC
002263,hist
002264,hist
002265,IC
002266,IC
002267,IM
002268,IM
002269,hist
002270,IM
002271,IC
002272,hist
002273,IC
002274,hist
002275,hist
002276,IM
002277,hist
002278,hist
002279,hist
002280,hist
002281,IC
002283,hist
002284,hist
002285,hist
002286,hist
002287,IM
002288,hist
002289,hist
002290,IM
002291,hist
002292,IM
002293,hist
002294,hist
002296,hist
002297,hist
002298,hist
002299,IC
002300,hist
002301,hist
002302,hist
002303,hist
002304,IF
002305,hist
002307,hist
002308,hist
002309,hist
002310,hist
002311,IF
002312,IC
002313,hist
002314,hist
002315,IM
002316,hist
002317,IM
002318,IC
002320,IM
002321,hist
002322,hist
002323,hist
002324,IM
002325,hist
002326,IM
002327,hist
002328,hist
002329,hist
002330,hist
002331,hist
002332,IM
002334,hist
002335,IC
002337,hist
002338,IM
002339,hist
002340,IC
002341,hist
002342,hist
002343,hist
002344,hist
002345,IM
002346,hist
002348,hist
002349,hist
002350,hist
002351,IM
002352,IF
002353,IF
002354,IM
002355,hist
002356,hist
002358,hist
002359,hist
002360,hist
002362,hist
002363,hist
002364,IM
002366,hist
002367,hist
002368,IM
002369,hist
002370,hist
002371,IF
002372,IM
002373,IM
002375,hist
002376,hist
002377,hist
002378,IM
002379,hist
002380,hist
002381,hist
002382,hist
002383,hist
002384,IF
002385,hist
002386,hist
002387,hist
002388,hist
002389,IM
002390,hist
002391,hist
002392,hist
002393,hist
002394,hist
002396,IM
002398,hist
002399,hist
002400,IM
002401,hist
002402,IC
002405,IM
002406,hist
002407,IC
002408,IM
002409,IC
002410,IC
002411,hist
002412,hist
002413,hist
002414,IC
002415,IF
002416,IM
002418,hist
002419,hist
002421,hist
002422,IF
002423,IC
002424,hist
002425,hist
002426,hist
002427,hist
002428,IM
002429,IC
002430,IC
002431,hist
002432,IC
002433,hist
002434,IM
002435,hist
002436,IC
002437,hist
002438,hist
002439,hist
002440,hist
002441,hist
002443,hist
002444,IC
002445,hist
002446,hist
002447,hist
002448,hist
002449,hist
002450,hist
002451,hist
002452,hist
002453,hist
002454,hist
002456,IM
002457,hist
002458,IM
002459,hist
002460,IF
002461,IC
002462,hist
002463,IF
002464,hist
002465,IC
002466,IF
002467,hist
002468,IM
002469,hist
002470,hist
002471,hist
002472,IC
002473,hist
002474,hist
002475,IF
002476,hist
002477,hist
002478,hist
002479,hist
002480,hist
002481,hist
002482,hist
002483,hist
002484,IM
002485,hist
002486,hist
002487,IC
002488,IM
002489,hist
002490,hist
002491,hist
002492,hist
002493,IF
002494,hist
002496,hist
002497,IM
002498,IM
002499,hist
002500,IC
002501,hist
002502,hist
002503,hist
002504,hist
002505,hist
002506,IM
002507,IM
002508,IC
002509,hist
002510,hist
002511,IM
002512,hist
002514,hist
002515,hist
002516,IM
002517,IC
002518,IM
002519,hist
002520,hist
002521,hist
002522,hist
002524,hist
002526,hist
002527,hist
002528,hist
002529,hist
002530,hist
002531,IM
002532,IF
002534,IM
002535,hist
002536,IM
002537,IM
002538,hist
002539,IM
002540,hist
002541,IM
002542,hist
002543,hist
002544,IM
002545,IM
002546,hist
002547,hist
002549,IM
002550,IM
002551,hist
002554,hist
002555,hist
002556,hist
002557,IM
002558,IF
002559,hist
002561,hist
002562,hist
002563,IM
002564,hist
002565,hist
002566,hist
002567,hist
002568,IC
002570,hist
002571,hist
002572,IM
002573,hist
002574,hist
002575,hist
002577,hist
002579,hist
002581,hist
002582,hist
002583,IC
002584,hist
002585,hist
002586,hist
002587,hist
002588,IM
002589,hist
002590,hist
002592,hist
002594,IF
002595,hist
002596,hist
002597,IM
002598,hist
002600,IF
002601,IC
002602,IF
002603,IC
002604,hist
002605,IM
002606,hist
002607,hist
002608,IC
002609,hist
002610,hist
002611,IM
002612,hist
002613,hist
002614,hist
002616,hist
002617,IM
002618,hist
002619,hist
002621,hist
002622,hist
002623,hist
002624,IC
002625,IF
002626,IM
002628,hist
002629,hist
002630,hist
002631,hist
002635,IM
002636,IM
002637,hist
002638,hist
002639,IM
002640,hist
002641,hist
002642,hist
002643,IM
002644,hist
002645,hist
002646,hist
002647,hist
002648,IF
002649,hist
002650,hist
002651,IM
002653,hist
002654,IM
002655,hist
002656,hist
002657,hist
002658,hist
002660,hist
002661,hist
002662,hist
002663,hist
002664,hist
002665,hist
002666,hist
002667,hist
002668,IM
002670,IC
002671,hist
002672,hist
002673,IC
002674,hist
002675,IM
002677,hist
002678,hist
002679,hist
002680,hist
002681,IM
002683,IC
002684,hist
002685,hist
002686,hist
002688,hist
002689,hist
002690,IM
002691,hist
002692,hist
002693,hist
002694,hist
002695,hist
002697,hist
002698,IM
002699,hist
002700,hist
002701,IM
002703,hist
002705,IM
002706,IM
002707,hist
002708,hist
002709,IF
002711,hist
002712,hist
002713,hist
002714,IF
002715,hist
002716,IM
002717,hist
002718,hist
002719,hist
002721,hist
002722,hist
002723,hist
002724,hist
002725,hist
002726,hist
002727,IM
002731,hist
002733,hist
002736,IF
002737,IM
002738,IC
002739,IC
002741,hist
002742,hist
002745,IM
002746,hist
002747,IM
002750,hist
002751,hist
002752,hist
002755,IM
002756,IC
002759,hist
002761,IM
002762,hist
002763,hist
002766,hist
002768,IM
002769,hist
002771,hist
002772,hist
002773,IC
002776,hist
002777,hist
002779,IM
002781,hist
002782,hist
002783,hist
002786,hist
002788,hist
002790,hist
002791,hist
002792,hist
002793,hist
002796,hist
002797,IC
002798,hist
002801,hist
002802,hist
002803,hist
002807,IM
002810,hist
002812,IC
002815,IM
002818,hist
002821,IC
002822,hist
002827,IM
002831,IC
002832,IM
002833,hist
002837,IF
002838,IM
002839,IM
002840,IM
002841,IC
002847,IM
002850,IC
002851,IC
002852,hist
002859,IM
002865,hist
002866,hist
002867,IM
002869,hist
002872,hist
002880,hist
002881,IM
002882,IM
002891,IM
002892,IM
002895,IM
002896,IM
002897,IM
002901,IM
002906,IM
002907,hist
002911,IM
002912,hist
002913,IM
002916,IF
002918,hist
002920,IF
002922,IM
002925,IM
002926,IC
002928,IM
002929,IM
002930,hist
002932,hist
002933,hist
002936,IM
002938,IF
002939,IC
002941,IM
002945,IC
002946,IM
002947,IM
002948,IM
002950,hist
002951,hist
002955,hist
002957,hist
002958,IM
002959,hist
002960,IM
002961,IM
002962,hist
002965,IM
002966,IC
002967,IM
002969,hist
002970,hist
002973,hist
002975,hist
002977,hist
002978,IM
002979,IM
002980,hist
002982,hist
002984,IC
002985,IM
002987,IM
002989,hist
002990,hist
002991,hist
002993,IM
003006,IM
003009,hist
003010,IM
003012,hist
003021,IC
003022,IC
003031,IC
003032,hist
003035,IC
003039,IM
003040,hist
003816,IF
300001,IC
300002,IC
300003,IC
300004,hist
300005,hist
300006,hist
300007,IM
300008,IM
300009,IM
300010,hist
300011,hist
300012,IC
300014,IF
300015,IF
300016,hist
300017,IC
300018,hist
300020,hist
300021,hist
300024,IC
300025,hist
300026,IM
300027,hist
300028,hist
300030,hist
300031,IM
300032,hist
300033,IF
300034,IM
300035,IM
300036,IM
300037,IC
300038,hist
300039,hist
300041,hist
300043,hist
300044,hist
300045,IM
300047,IM
300048,hist
300049,IM
300050,hist
300051,hist
300052,hist
300053,hist
300054,IC
300055,hist
300056,hist
300057,hist
300058,IC
300059,IF
300061,hist
300063,hist
300064,hist
300065,IM
300066,hist
300067,hist
300068,hist
300070,IM
300071,hist
300072,hist
300073,IC
300074,hist
300075,IM
300076,hist
300077,IM
300078,hist
300079,hist
300080,IM
300081,hist
300082,hist
300083,IM
300084,hist
300085,IM
300086,hist
300087,hist
300088,IM
300090,hist
300091,hist
300094,hist
300096,hist
300097,hist
300098,IM
300100,IC
300101,IM
300102,IM
300103,hist
300104,hist
300105,hist
300106,hist
300107,hist
300109,hist
300110,hist
300111,hist
300113,IM
300115,IC
300116,hist
300118,hist
300119,IM
300122,IF
300123,hist
300124,IF
300127,IM
300128,hist
300129,hist
300130,IM
300131,IM
300132,hist
300133,IM
300134,IM
300135,hist
300136,IC
300137,hist
300139,hist
300140,IC
300142,IC
300143,hist
300144,IC
300145,hist
300146,IC
300147,hist
300148,hist
300149,hist
300150,hist
300151,hist
300152,hist
300153,IM
300154,hist
300155,hist
300156,hist
300157,hist
300158,hist
300159,hist
300160,hist
300161,hist
300162,hist
300164,hist
300165,hist
300166,IM
300167,hist
300168,hist
300169,hist
300170,IM
300171,IM
300172,hist
300173,hist
300175,hist
300176,hist
300177,hist
300178,hist
300180,IM
300181,IM
300182,IM
300183,hist
300184,IM
300185,IM
300186,hist
300187,hist
300188,IM
300189,hist
300190,hist
300191,hist
300193,hist
300194,hist
300195,hist
300196,hist
300197,hist
300198,hist
300199,IM
300200,hist
300202,hist
300203,hist
300204,hist
300205,hist
300206,hist
300207,IC
300208,hist
300209,hist
300212,hist
300213,hist
300215,hist
300216,hist
300217,hist
300219,hist
300221,hist
300222,hist
300223,IC
300224,IM
300226,hist
300227,hist
300228,hist
300229,IM
300231,hist
300232,hist
300233,hist
300234,hist
300236,IM
300237,hist
300238,hist
300239,hist
300240,hist
300241,hist
300242,hist
300244,IM
300245,hist
300246,hist
300248,hist
300251,IF
300252,hist
300253,IM
300254,hist
300255,hist
300256,hist
300257,IM
300259,hist
300260,IM
300261,hist
300262,hist
300263,hist
300266,hist
300267,hist
300269,hist
300270,hist
300271,hist
300272,hist
300273,hist
300274,IF
300275,hist
300276,IM
300278,hist
300284,IM
300285,IC
300286,hist
300287,hist
300288,hist
300289,hist
300291,hist
300292,hist
300293,hist
300294,IM
300295,hist
300296,IM
300297,hist
300298,IM
300299,hist
300300,hist
300301,hist
300302,hist
300303,IM
300304,hist
300306,hist
300307,hist
300308,IF
300309,hist
300310,hist
300311,hist
300312,hist
300314,hist
300315,IM
300316,IF
300317,hist
300318,hist
300319,IM
300322,IM
300323,IM
300324,hist
300326,hist
300327,IM
300328,hist
300331,hist
300332,hist
300333,hist
300334,hist
300335,hist
300336,hist
300337,IM
300339,IC
300341,IM
300342,IM
300343,hist
300346,IC
300347,hist
300348,IM
300349,hist
300350,hist
300351,hist
300352,hist
300353,IM
300355,hist
300356,hist
300357,IM
300358,hist
300359,hist
300360,IM
300362,hist
300363,IM
300364,hist
300365,hist
300366,hist
300367,hist
300368,hist
300369,hist
300370,hist
300371,hist
300372,hist
300373,IC
300375,hist
300376,IM
300377,hist
300378,IM
300379,hist
300380,hist
300381,hist
300382,hist
300383,IC
300384,hist
300385,hist
300386,hist
300387,hist
300388,hist
300389,hist
300390,IC
300392,hist
300393,hist
300394,IF
300395,IC
300397,hist
300398,IM
300399,hist
300401,hist
300403,hist
300406,hist
300408,IF
300409,IM
300410,hist
300413,IF
300415,IM
300416,IM
300418,IF
300419,hist
300423,hist
300424,hist
300426,hist
300428,IM
300429,hist
300431,hist
300432,IC
300433,IF
300436,hist
300438,IM
300439,hist
300440,hist
300441,hist
300442,IF
300443,IM
300444,hist
300446,IM
300447,hist
300448,hist
300449,hist
300450,IF
300451,hist
300454,IC
300455,IM
300456,IM
300457,IM
300458,IC
300459,IM
300463,hist
300465,hist
300467,hist
300468,IM
300470,hist
300471,hist
300473,hist
300474,IC
300475,IC
300476,IF
300477,hist
300482,IM
300484,hist
300485,hist
300487,IC
300492,IM
300493,IM
300494,hist
300495,hist
300496,IC
300497,hist
300498,IF
300502,IF
300503,IM
300504,hist
300506,hist
300507,hist
300508,hist
300510,hist
300511,hist
300512,hist
300516,hist
300518,hist
300519,hist
300520,hist
300522,hist
300523,hist
300525,IM
300526,hist
300527,hist
300528,hist
300529,IM
300531,hist
300533,hist
300548,IC
300552,hist
300558,IC
300559,hist
300567,IC
300568,IM
300570,IC
300571,hist
300572,hist
300573,IM
300576,IM
300579,IM
300580,IM
300587,hist
300590,hist
300593,IM
300595,IM
300596,hist
300598,IM
300601,IM
300602,IM
300603,hist
300604,IC
300607,IM
300613,IM
300616,hist
300618,IM
300620,IC
300623,IC
300624,IM
300625,hist
300627,IC
300628,IF
300630,hist
300633,IM
300634,IM
300638,IM
300639,hist
300641,IM
300653,hist
300655,IM
300657,IM
300659,hist
300660,IM
300661,IF
300662,hist
300663,hist
300664,hist
300666,IC
300671,hist
300672,IM
300673,hist
300674,IM
300676,IC
300677,IC
300678,IM
300679,IC
300680,IM
300682,IM
300684,IM
300685,IM
300687,IM
300693,IM
300696,hist
300699,IC
300702,IM
300705,hist
300709,hist
300718,IC
300723,IM
300724,IC
300725,IM
300726,IM
300735,IC
300737,hist
300738,IM
300740,hist
300741,hist
300747,IM
300748,IC
300750,IF
300751,IC
300755,hist
300757,IC
300759,IC
300760,IF
300761,IM
300762,IM
300763,IC
300765,hist
300766,hist
300767,hist
300768,IM
300769,hist
300770,IM
300771,hist
300772,IM
300773,IM
300775,IM
300776,IM
300777,IM
300779,IM
300782,hist
300783,IM
300785,hist
300788,hist
300791,hist
300792,hist
300793,hist
300798,hist
300799,hist
300800,hist
300803,IF
300805,hist
300806,IM
300809,IM
300811,IM
300814,IM
300815,hist
300820,IM
300821,IM
300827,IM
300829,hist
300831,hist
300832,IF
300841,IM
300842,hist
300846,hist
300850,IM
300855,IM
300856,hist
300857,IC
300860,hist
300861,IM
300866,IF
300867,hist
300869,hist
300870,IM
300872,IM
300887,hist
300888,IC
300894,hist
300896,IF
300900,hist
300910,IM
300913,IM
300917,hist
300919,IC
300925,IM
300926,IM
300942,hist
300953,IC
300957,IC
300969,IM
300972,IC
300973,hist
300979,hist
300981,hist
300990,IM
300999,IF
301000,IM
301004,hist
301005,IM
301015,IM
301018,IM
301029,IM
301031,IM
301035,IM
301039,IM
301047,IM
301050,IM
301060,hist
301061,IM
301069,hist
301071,IM
301078,IM
301080,hist
301087,IM
301089,hist
301090,hist
301091,IM
301095,IM
301101,IM
301109,IM
301127,IM
301153,IM
301155,IM
301165,IF
301171,IM
301175,IM
301177,IM
301180,hist
301196,IM
301200,IC
301205,IM
301206,hist
301207,IM
301215,IM
301216,IM
301217,IM
301219,IM
301225,IM
301236,IF
301238,IM
301239,hist
301246,hist
301262,IM
301263,IM
301267,IM
301268,IM
301269,IF
301275,IM
301286,hist
301291,IM
301293,IM
301297,IM
301301,IC
301308,IF
301316,IM
301325,hist
301327,IM
301339,IM
301345,IM
301348,hist
301358,IC
301363,IM
301367,hist
301371,IM
301376,hist
301377,IC
301381,IM
301389,IM
301392,IM
301396,IM
301413,IM
301421,IM
301458,IM
301487,IM
301488,IM
301489,IM
301498,IC
301500,IM
301508,hist
301510,IM
301511,IM
301522,IM
301526,IC
301536,IC
301550,IM
301551,IM
301556,IM
301558,hist
301559,hist
301563,IM
301565,IM
301571,IM
301584,IM
301589,IM
301592,IM
301600,IM
301602,IM
301606,IC
301611,IC
301622,IM
301626,IM
301631,IM
301632,IM
301658,IM
301662,IM
301665,IM
301678,IM
302132,IF
600000,IF
600004,IC
600005,hist
600006,IM
600007,hist
600008,IC
600009,IF
600010,IF
600011,IF
600012,IM
600015,IF
600016,IF
600017,IM
600018,IF
600019,IF
600020,hist
600021,IC
600022,IM
600023,IF
600025,IF
600026,IF
600027,IF
600028,IF|IH
600029,IF
600030,IF|IH
600031,IF|IH
600032,IC
600033,IM
600035,hist
600036,IF|IH
600037,IM
600038,IC
600039,IF
600048,IF
600050,IF|IH
600051,hist
600052,hist
600053,hist
600054,hist
600055,IM
600056,IM
600057,IM
600058,IM
600059,IM
600060,IC
600061,IF
600062,IC
600063,IM
600064,IM
600066,IF
600067,hist
600068,hist
600069,hist
600072,IM
600073,hist
600074,hist
600075,IM
600076,hist
600077,hist
600078,hist
600079,hist
600080,hist
600081,hist
600082,hist
600084,hist
600085,IF
600086,hist
600088,hist
600089,IF|IH
600090,hist
600093,hist
600094,IM
600095,IC
600096,hist
600098,IC
600100,IC
600101,hist
600103,hist
600104,IF
600105,IC
600106,hist
600107,hist
600108,hist
600109,IC
600110,hist
600111,IF|IH
600112,hist
600113,IM
600114,IM
600115,IF
600116,IM
600118,IF
600119,hist
600120,IM
600121,hist
600122,hist
600123,IM
600125,hist
600126,IC
600127,hist
600128,hist
600129,IM
600130,hist
600131,IC
600132,IC
600133,IM
600135,hist
600136,hist
600138,hist
600139,hist
600141,IC
600143,IC
600146,hist
600149,hist
600150,IF|IH
600151,IM
600153,IC
600155,IM
600157,IC
600158,IM
600159,hist
600160,IF
600161,IC
600162,hist
600163,IM
600165,hist
600166,IC
600167,IM
600168,hist
600169,hist
600170,IC
600171,IC
600172,hist
600173,hist
600175,hist
600176,IF
600177,IC
600179,IM
600180,hist
600182,hist
600183,IF|IH
600184,IM
600185,IM
600186,IM
600187,hist
600188,IF
600189,hist
600190,hist
600191,hist
600192,hist
600193,hist
600195,hist
600196,IF
600197,hist
600198,hist
600199,hist
600200,hist
600201,IM
600203,hist
600206,IM
600207,hist
600208,IC
600209,hist
600210,IM
600211,IM
600216,IM
600217,hist
600218,hist
600219,IF
600220,hist
600221,IF
600222,hist
600223,hist
600225,hist
600226,IM
600227,hist
600229,hist
600230,hist
600231,hist
600233,IF
600236,hist
600237,hist
600238,hist
600239,hist
600240,hist
600242,hist
600246,IM
600248,IM
600251,hist
600252,IM
600255,hist
600256,IC
600257,hist
600258,IM
600259,IM
600260,hist
600261,hist
600266,IM
600267,IM
600268,IM
600269,IM
600270,hist
600271,hist
600273,IM
600275,hist
600276,IF|IH
600277,hist
600278,hist
600279,hist
600280,hist
600282,IC
600283,hist
600284,hist
600285,IM
600287,hist
600288,hist
600289,hist
600290,hist
600291,hist
600292,IC
600295,IC
600297,hist
600298,IC
600299,IC
600300,hist
600301,IM
600303,hist
600305,IM
600307,hist
600308,hist
600309,IF|IH
600310,hist
600311,hist
600312,IC
600313,hist
600315,IM
600316,IC
600317,hist
600318,hist
600320,IM
600321,hist
600322,hist
600323,IM
600325,IM
600326,hist
600327,hist
600328,IM
600329,IC
600330,IM
600331,IM
600332,IC
600333,hist
600335,IM
600336,hist
600337,hist
600338,IM
600339,IC
600340,hist
600343,hist
600345,IM
600346,IF
600348,IC
600350,IC
600351,hist
600352,IC
600353,IM
600354,hist
600359,hist
600360,hist
600361,IM
600362,IF
600363,IC
600366,IM
600367,hist
600368,hist
600369,IC
600370,hist
600371,hist
600372,IF
600373,IM
600375,hist
600376,hist
600377,IC
600378,IC
600380,IC
600381,hist
600382,hist
600383,hist
600386,hist
600387,hist
600388,IM
600389,IM
600390,IC
600391,IM
600392,IC
600393,hist
600395,IM
600396,hist
600397,hist
600398,IC
600399,IM
600400,hist
600401,hist
600403,IM
600405,hist
600406,IF|IH
600409,IM
600410,hist
600415,IF
600416,IM
600418,hist
600420,IM
600422,IM
600425,hist
600426,IF
600428,IM
600429,hist
600432,hist
600433,hist
600435,IC
600436,IF
600438,IF
600439,hist
600446,IM
600449,hist
600452,IM
600456,IM
600458,IM
600459,IM
600460,IF
600461,IM
600463,hist
600466,hist
600467,hist
600468,hist
600469,hist
600470,hist
600475,IM
600477,hist
600478,IM
600479,hist
600480,IM
600481,hist
600482,IF
600483,IC
600485,hist
600486,IC
600487,hist
600488,hist
600489,IF
600490,IM
600491,hist
600495,hist
600496,hist
600497,IC
600498,IC
600499,IC
600500,hist
600501,hist
600502,IM
600503,hist
600507,IM
600508,IM
600509,IM
600510,hist
600511,IC
600512,hist
600515,IF
600516,IC
600517,IC
600518,hist
600519,IF|IH
600521,IC
600522,IF
600523,hist
600525,hist
600526,hist
600527,hist
600528,IM
600529,IM
600530,hist
600531,IM
600533,hist
600535,IC
600536,IC
600537,hist
600543,hist
600545,hist
600546,IC
600547,IF
600548,hist
600549,IF
600550,IM
600551,hist
600552,IM
600555,hist
600556,IM
600557,IM
600559,IM
600560,hist
600562,IC
600563,IC
600565,hist
600566,IC
600567,hist
600568,hist
600569,hist
600570,IF
600571,hist
600572,IM
600575,IM
600577,IM
600578,IC
600580,hist
600581,hist
600582,IC
600583,IC
600584,IF
600585,IF
600586,hist
600587,IM
600588,IF
600589,hist
600590,hist
600592,hist
600594,hist
600595,IC
600596,IM
600597,IM
600598,IC
600600,IF
600601,IC
600602,IC
600603,hist
600604,hist
600606,IC
600609,hist
600610,hist
600611,hist
600612,IM
600613,hist
600614,hist
600615,hist
600616,hist
600617,hist
600618,IM
600619,IM
600620,hist
600621,IM
600622,hist
600623,IM
600624,hist
600626,hist
600628,hist
600629,IM
600630,hist
600633,IM
600634,hist
600635,IM
600636,hist
600637,IC
600638,hist
600639,IM
600640,IM
600641,IM
600642,IC
600643,IM
600645,IM
600648,hist
600649,IM
600650,hist
600651,IM
600652,hist
600653,hist
600654,IM
600655,IC
600657,IM
600658,hist
600660,IF
600661,hist
600662,IM
600663,IC
600664,IM
600666,hist
600667,IM
600668,hist
600673,hist
600674,IF
600675,IM
600676,hist
600677,hist
600679,hist
600680,hist
600681,hist
600682,IM
600683,hist
600684,hist
600685,IC
600686,IM
600687,hist
600688,IC
600690,IF
600691,hist
600692,hist
600693,hist
600694,hist
600695,hist
600696,hist
600698,hist
600699,IC
600701,hist
600702,hist
600703,hist
600704,IC
600705,hist
600706,hist
600707,IC
600708,hist
600710,IM
600711,IC
600713,hist
600714,hist
600715,hist
600716,hist
600717,IM
600718,IM
600720,hist
600723,hist
600724,hist
600726,IM
600728,IM
600729,IM
600730,hist
600732,hist
600733,hist
600734,hist
600735,hist
600736,hist
600737,IC
600738,hist
600739,IM
600740,IM
600741,IF
600742,hist
600743,hist
600744,IM
600745,hist
600746,IM
600747,hist
600748,hist
600750,IM
600751,IM
600754,IC
600755,hist
600756,hist
600757,IM
600758,hist
600759,hist
600760,IF|IH
600761,IM
600763,IC
600764,IC
600765,IC
600767,hist
600770,hist
600771,IM
600773,IM
600775,hist
600776,IM
600777,hist
600778,hist
600779,hist
600780,hist
600781,hist
600782,IM
600783,IM
600784,hist
600785,hist
600787,IM
600789,IM
600790,hist
600791,hist
600792,hist
600794,hist
600795,IF
600797,hist
600798,hist
600800,hist
600801,IC
600802,hist
600803,IF
600804,hist
600805,hist
600807,hist
600808,IC
600809,IF|IH
600810,hist
600811,hist
600812,IM
600814,hist
600815,hist
600816,IC
600818,hist
600819,hist
600820,IC
600821,IM
600822,hist
600823,hist
600824,hist
600825,hist
600826,hist
600827,IM
600828,hist
600830,hist
600831,hist
600832,hist
600833,hist
600834,hist
600835,IM
600836,hist
600837,hist
600838,hist
600839,hist
600841,hist
600843,hist
600844,hist
600845,IF
600846,hist
600848,IC
600850,IM
600851,hist
600855,hist
600856,hist
600857,hist
600858,hist
600859,IM
600861,hist
600862,IC
600863,IC
600864,IM
600865,hist
600866,IM
600867,IM
600868,hist
600869,IM
600871,IC
600872,IM
600873,IC
600874,hist
600875,IF
600876,hist
600877,IM
600879,IC
600880,hist
600881,hist
600882,IM
600884,IC
600885,IC
600886,IF
600887,IF|IH
600888,IM
600891,hist
600893,IF
600894,hist
600895,hist
600897,hist
600900,IF|IH
600901,IC
600903,hist
600905,IF
600906,IC
600908,IM
600909,IC
600916,IM
600917,hist
600918,IF
600919,IF
600925,hist
600926,IF
600927,IC
600928,IM
600929,IM
600930,IF|IH
600933,IM
600935,hist
600936,hist
600938,IF
600939,hist
600941,IF
600955,hist
600956,IM
600958,IF
600959,hist
600961,IM
600963,IM
600965,hist
600966,hist
600967,IC
600968,IC
600970,IC
600971,IM
600973,hist
600975,hist
600976,hist
600977,IC
600978,hist
600979,hist
600981,hist
600982,hist
600983,hist
600984,hist
600985,IC
600986,IM
600987,hist
600988,IC
600989,IF
600990,hist
600993,IM
600995,IC
600996,IM
600997,IM
600998,IC
600999,IF
601000,IC
601001,IC
601002,hist
601003,IM
601005,hist
601006,IF
601007,hist
601008,hist
601009,IF
601010,hist
601011,hist
601012,IF|IH
601015,hist
601016,IC
601018,IF
601019,IC
601020,IM
601021,IF
601022,IM
601026,IM
601028,hist
601033,IM
601038,IM
601058,IF
601059,IF
601061,hist
601066,IF
601068,IM
601069,IM
601077,IF
601083,IM
601088,IF|IH
601089,IM
601096,IM
601098,IC
601099,IC
601100,IF
601101,IM
601106,IC
601107,IM
601108,IC
601111,IF
601112,IC
601113,hist
601116,hist
601117,IF
601118,IC
601126,IM
601127,IF|IH
601128,IC
601136,IF
601137,IM
601138,IF
601139,IC
601155,IC
601156,IC
601158,hist
601162,IC
601163,hist
601166,IF|IH
601168,hist
601169,IF
601179,IC
601186,IF
601187,IM
601188,hist
601198,IC
601199,hist
601200,IM
601208,IM
601211,IF|IH
601212,IC
601216,IC
601218,hist
601222,IM
601225,IF
601226,hist
601228,IC
601229,IF
601231,hist
601233,IC
601236,IC
601238,IF
601258,hist
601279,hist
601288,IF|IH
601298,IC
601299,hist
601311,IM
601318,IF|IH
601319,IF
601326,IM
601328,IF|IH
601330,hist
601333,IM
601336,IF
601339,hist
601360,IF
601366,hist
601368,hist
601369,IM
601375,IM
601377,IF
601388,hist
601390,IF
601398,IF|IH
601399,IC
601456,IF
601500,hist
601512,hist
601515,hist
601519,IM
601528,IM
601555,IC
601566,hist
601567,IC
601568,IM
601577,IC
601588,hist
601595,IM
601598,IC
601599,hist
601600,IF|IH
601601,IF|IH
601606,IM
601607,IF
601608,IC
601609,IM
601611,IC
601615,IC
601616,hist
601618,IF
601619,IM
601628,IF|IH
601633,IF
601636,IM
601658,IF|IH
601665,IC
601666,IC
601668,IF|IH
601669,IF
601677,IM
601678,IM
601686,hist
601688,IF|IH
601689,IF
601696,IC
601698,IF
601699,IC
601700,hist
601702,IM
601717,IC
601718,hist
601727,IF
601728,IF|IH
601766,IF
601777,IM
601778,IM
601788,IF
601789,hist
601798,hist
601799,IC
601800,IF
601801,IM
601808,IC
601811,hist
601816,IF
601818,IF
601825,IF
601827,hist
601828,hist
601838,IF
601857,IF|IH
601858,IM
601860,IM
601865,IC
601866,IC
601868,IF
601869,IC
601872,IF
601877,IF
601878,IF
601880,IC
601881,IF
601882,IM
601886,hist
601888,IF|IH
601890,IM
601898,IF
601899,IF|IH
601900,IM
601901,IF
601908,IM
601916,IF
601918,IM
601919,IF|IH
601921,IM
601928,IC
601929,hist
601933,hist
601939,IF
601949,IM
601952,IM
601958,IC
601963,IM
601965,IM
601966,IC
601968,hist
601969,IM
601975,IM
601985,IF
601988,IF|IH
601989,hist
601990,IC
601991,IC
601992,hist
601995,IF
601996,hist
601997,IC
601998,IF
601999,hist
603000,IC
603001,hist
603002,hist
603003,hist
603005,IM
603008,hist
603009,IM
603010,hist
603012,hist
603013,IM
603014,IM
603018,hist
603019,IF|IH
603020,hist
603025,IM
603026,IM
603027,IM
603032,hist
603033,IM
603039,IM
603043,IM
603049,IC
603053,hist
603055,IM
603056,hist
603057,IM
603058,hist
603060,hist
603063,IM
603068,hist
603071,hist
603072,IM
603075,hist
603077,IC
603081,hist
603083,IM
603087,IC
603092,IC
603093,IM
603096,hist
603098,hist
603099,IM
603100,IM
603103,IM
603105,hist
603108,IM
603111,hist
603113,hist
603116,hist
603117,hist
603118,IM
603119,IC
603123,hist
603124,IM
603126,hist
603127,IM
603128,hist
603129,IC
603132,IM
603156,IC
603160,IC
603162,IM
603165,hist
603166,IM
603167,hist
603168,hist
603169,IM
603170,hist
603171,IM
603175,IC
603179,IC
603180,hist
603185,hist
603187,hist
603188,hist
603193,IM
603194,IM
603195,hist
603197,hist
603198,hist
603202,IM
603208,hist
603212,hist
603218,IM
603219,IM
603220,IM
603222,hist
603225,IC
603227,IM
603228,hist
603229,hist
603233,IC
603235,hist
603236,IM
603248,IM
603256,IC
603258,hist
603259,IF|IH
603260,IF
603262,hist
603267,IM
603277,hist
603279,IM
603281,hist
603283,IM
603288,IF
603290,IC
603296,IF
603297,IM
603298,IC
603299,IM
603300,IM
603301,IM
603303,hist
603305,IM
603306,IM
603308,IC
603309,hist
603313,hist
603317,IM
603318,hist
603319,IM
603323,IM
603327,IM
603328,IM
603337,IM
603338,IC
603339,hist
603341,IC
603345,IC
603348,hist
603355,IM
603357,hist
603358,IM
603359,hist
603360,IM
603363,hist
603366,hist
603367,hist
603368,hist
603369,IF
603376,IM
603377,hist
603378,hist
603379,IC
603383,hist
603385,hist
603387,hist
603390,hist
603392,IF
603393,IM
603395,IM
603396,hist
603398,hist
603399,hist
603402,IM
603406,IM
603408,hist
603416,hist
603418,IM
603421,hist
603429,hist
603439,hist
603444,IC
603456,IM
603458,hist
603466,hist
603477,IM
603486,IC
603489,hist
603496,IM
603501,IF|IH
603505,IM
603508,IM
603511,hist
603515,hist
603516,IM
603517,hist
603520,hist
603528,hist
603529,IC
603530,IM
603533,IM
603551,hist
603555,hist
603556,IM
603557,hist
603565,IC
603566,hist
603567,IM
603568,IC
603569,hist
603579,hist
603583,IM
603587,hist
603588,IM
603589,IC
603590,hist
603595,hist
603596,IC
603599,IM
603600,hist
603601,hist
603603,hist
603605,IC
603606,IC
603609,hist
603610,hist
603612,IM
603613,IM
603618,hist
603619,IM
603626,hist
603636,hist
603638,IM
603648,hist
603650,IC
603658,IC
603659,IC
603660,hist
603662,IM
603663,IM
603666,hist
603667,IM
603669,hist
603676,hist
603678,IM
603680,hist
603686,hist
603687,hist
603688,IC
603690,IM
603693,IM
603698,IM
603699,IC
603707,IM
603708,hist
603711,hist
603712,hist
603713,IM
603718,hist
603719,hist
603727,hist
603728,IC
603730,IM
603733,IM
603737,IC
603758,hist
603766,IC
603773,hist
603777,hist
603779,hist
603786,IC
603789,hist
603799,IF
603800,hist
603801,hist
603803,hist
603806,IC
603808,hist
603809,IM
603815,hist
603816,IC
603817,hist
603818,hist
603826,IM
603833,IC
603839,hist
603843,hist
603848,hist
603858,IC
603861,hist
603866,IM
603868,hist
603869,hist
603871,IM
603876,IM
603877,hist
603881,IM
603882,hist
603883,IM
603885,IC
603887,IM
603888,IM
603893,IF
603896,hist
603898,hist
603899,IC
603900,hist
603906,hist
603915,IM
603916,hist
603919,IM
603920,IC
603927,IM
603929,IM
603936,hist
603938,hist
603939,IC
603950,IM
603956,hist
603958,hist
603959,hist
603960,hist
603969,hist
603976,hist
603979,IC
603980,hist
603983,IM
603985,hist
603986,IF|IH
603989,hist
603992,IM
603993,IF|IH
603995,hist
603996,hist
603997,IM
603999,hist
605007,hist
605008,hist
605009,hist
605011,IM
605020,IM
605090,IM
605099,IM
605111,IM
605116,IM
605117,IF
605118,IM
605123,IM
605136,hist
605168,hist
605196,IM
605198,IM
605199,hist
605222,hist
605296,IM
605333,IM
605338,hist
605339,hist
605358,IC
605365,hist
605368,hist
605369,hist
605376,IM
605388,hist
605499,IF
605507,IM
605555,IM
605577,hist
605589,IC
605599,IM
688001,IM
688002,IC
688003,IM
688005,IM
688006,IM
688007,hist
688008,IF|IH
688009,IF
688012,IF|IH
688016,IM
688017,IC
688018,IC
688019,IC
688020,hist
688023,hist
688025,IM
688027,IC
688029,IM
688030,hist
688031,IM
688032,IM
688033,hist
688036,IF
688037,IC
688041,IF|IH
688046,hist
688047,IF
688048,IM
688050,IM
688052,IC
688055,hist
688062,IM
688063,IM
688065,IC
688066,hist
688068,IM
688072,IF
688076,hist
688082,IF
688083,IM
688085,hist
688086,hist
688088,IM
688091,IM
688095,hist
688097,IM
688098,hist
688099,IC
688100,IM
688102,IM
688105,hist
688106,IM
688107,IM
688108,hist
688110,IM
688111,IF|IH
688114,IC
688116,IM
688120,IC
688122,IC
688123,IM
688126,IF
688127,IM
688128,IM
688131,IM
688133,hist
688139,IM
688141,IM
688146,IM
688147,IM
688148,hist
688150,IM
688152,hist
688153,IM
688158,IM
688161,hist
688165,IM
688166,IC
688167,IM
688169,IC
688172,IC
688173,hist
688177,IM
688180,IC
688182,IM
688183,IF
688185,hist
688187,IC
688188,IC
688190,IM
688192,IC
688195,IM
688198,hist
688200,IC
688202,hist
688205,IM
688206,IM
688208,IM
688209,hist
688213,IC
688220,IC
688222,hist
688223,IF
688232,IM
688233,hist
688234,IC
688235,IC
688238,hist
688239,hist
688248,IC
688249,hist
688252,IM
688256,IF|IH
688261,hist
688262,IM
688266,IC
688268,hist
688270,hist
688271,IF
688275,hist
688276,hist
688277,hist
688278,IC
688279,IM
688281,IC
688289,IM
688295,IC
688297,IC
688298,hist
688300,IM
688301,IC
688303,IF
688306,IM
688313,IC
688315,hist
688318,IC
688321,IM
688322,IC
688326,IM
688327,IM
688330,hist
688331,IC
688332,IM
688333,IM
688336,IC
688337,hist
688339,hist
688343,IC
688347,IC
688348,hist
688349,IC
688351,IM
688352,IM
688353,IM
688356,hist
688361,IC
688362,IM
688363,IC
688365,hist
688366,hist
688368,IM
688372,IM
688375,IC
688380,IM
688381,hist
688382,IM
688383,hist
688385,IC
688387,IC
688388,IM
688389,hist
688390,IM
688392,IM
688396,IF
688399,hist
688400,IM
688403,IM
688408,IM
688409,IM
688411,IC
688425,IC
688432,IM
688433,IM
688439,IM
688443,IM
688449,IM
688469,IC
688472,IF
688475,IC
688484,IM
688486,IM
688498,IC
688499,hist
688502,IM
688503,IM
688505,hist
688506,IF
688508,hist
688515,IM
688516,IM
688518,hist
688519,IM
688520,IC
688521,IF
688522,IM
688523,IM
688525,hist
688526,hist
688531,IM
688536,IM
688538,IC
688543,IM
688545,IM
688548,IM
688549,IM
688552,IM
688556,hist
688559,IM
688561,IC
688563,IC
688567,IM
688568,IC
688575,hist
688578,IC
688582,IC
688584,IM
688586,IM
688591,IM
688593,IM
688596,IM
688598,hist
688599,IC
688605,IM
688608,IC
688612,IM
688615,IC
688617,IC
688627,IM
688629,IC
688630,IM
688631,IM
688639,IM
688652,IM
688658,IM
688660,IM
688668,IM
688676,IC
688680,hist
688686,IM
688690,IM
688691,IM
688692,IC
688696,hist
688698,IM
688699,hist
688700,IM
688702,IC
688707,hist
688708,IC
688709,IC
688711,hist
688717,IM
688726,IM
688728,IC
688733,hist
688739,hist
688766,IM
688772,IC
688776,IM
688777,IC
688778,IC
688779,IM
688788,hist
688789,IM
688798,IM
688800,IM
688819,IC
688981,IF|IH
689009,IC
