product,index_code,weight_date,stock_code,stock_name,weight_pct
IH,000016,2026-09-30,600028,中国石化,0.843
IH,000016,2026-09-30,600030,中信证券,2.766
IH,000016,2026-09-30,600031,三一重工,1.137
IH,000016,2026-09-30,600036,招商银行,5.597
IH,000016,2026-09-30,600050,中国联通,0.725
IH,000016,2026-09-30,600089,特变电工,0.959
IH,000016,2026-09-30,600111,北方稀土,0.979
IH,000016,2026-09-30,600150,中国船舶,1.935
IH,000016,2026-09-30,600183,生益科技,2.076
IH,000016,2026-09-30,600276,恒瑞医药,2.31
IH,000016,2026-09-30,600309,万华化学,1.418
IH,000016,2026-09-30,600406,国电南瑞,0.991
IH,000016,2026-09-30,600519,贵州茅台,8.623
IH,000016,2026-09-30,600760,中航沈飞,0.542
IH,000016,2026-09-30,600809,山西汾酒,0.618
IH,000016,2026-09-30,600887,伊利股份,1.893
IH,000016,2026-09-30,600900,长江电力,3.827
IH,000016,2026-09-30,600930,华电新能,0.142
IH,000016,2026-09-30,601012,隆基绿能,0.745
IH,000016,2026-09-30,601088,中国神华,1.439
IH,000016,2026-09-30,601127,赛力斯,0.42
IH,000016,2026-09-30,601166,兴业银行,3.349
IH,000016,2026-09-30,601211,国泰海通,2.089
IH,000016,2026-09-30,601288,农业银行,2.195
IH,000016,2026-09-30,601318,中国平安,6.226
IH,000016,2026-09-30,601328,交通银行,2.266
IH,000016,2026-09-30,601398,工商银行,2.936
IH,000016,2026-09-30,601600,中国铝业,0.776
IH,000016,2026-09-30,601601,中国太保,1.165
IH,000016,2026-09-30,601628,中国人寿,0.67
IH,000016,2026-09-30,601658,邮储银行,0.66
IH,000016,2026-09-30,601668,中国建筑,0.983
IH,000016,2026-09-30,601688,华泰证券,1.141
IH,000016,2026-09-30,601728,中国电信,1.069
IH,000016,2026-09-30,601857,中国石油,1.592
IH,000016,2026-09-30,601888,中国中免,0.55
IH,000016,2026-09-30,601899,紫金矿业,5.381
IH,000016,2026-09-30,601919,中远海控,1.126
IH,000016,2026-09-30,601988,中国银行,1.056
IH,000016,2026-09-30,603019,中科曙光,1.275
IH,000016,2026-09-30,603259,药明康德,4.536
IH,000016,2026-09-30,603501,豪威集团,0.764
IH,000016,2026-09-30,603986,兆易创新,2.591
IH,000016,2026-09-30,603993,洛阳钼业,1.615
IH,000016,2026-09-30,688008,澜起科技,2.542
IH,000016,2026-09-30,688012,中微公司,2.617
IH,000016,2026-09-30,688041,海光信息,2.311
IH,000016,2026-09-30,688111,金山办公,0.556
IH,000016,2026-09-30,688256,寒武纪,3.474
IH,000016,2026-09-30,688981,中芯国际,2.501
